      TEST  test/blame/blob-blame-test
            | Failed 2 out of 2 test(s)
            | [stderr] tig: Not implemented in Rust yet: 36
            | [FAIL] unexpected status code: 1 (should be 0)
            | [FAIL] recursive-blame.screen not found
      TEST  test/blame/default-test
            | Failed 5 out of 5 test(s)
            | [stderr] tig: HOME/.tigrc:1: Invalid value for vertical-split: no
            | [stderr] tig: HOME/.tigrc:3: Unknown option: blame-view-date-use-author
            | [stderr] tig: Not implemented in Rust yet: 4
            | [FAIL] unexpected status code: 1 (should be 0)
            | [FAIL] blame-default.screen != expected/blame-default.screen
            | diff --git a/expected/blame-default.screen b/blame-default.screen
            | index 702dff3..34c4106 100644
            | --- a/expected/blame-default.screen
            | +++ b/blame-default.screen
            | @@ -1,29 +1,29 @@
            | -90286e0 Jonas Fonseca      2013-10-14 13:15 -0400   1| import sbt._
            | -90286e0 Jonas Fonseca      2013-10-14 13:15 -0400   2| import Keys._
            | -90286e0 Jonas Fonseca      2013-10-14 13:15 -0400   3|
            | -74537d9 Sébastien Doeraene 2013-10-29 18:46 +0100   4| import scala.scalajs.sbtp
            | -90286e0 Jonas Fonseca      2013-10-14 13:15 -0400   5| import ScalaJSPlugin._
            | -90286e0 Jonas Fonseca      2013-10-14 13:15 -0400   6| import ScalaJSKeys._
            | -90286e0 Jonas Fonseca      2013-10-14 13:15 -0400   7|
            | -4779f9b Jonas Fonseca      2013-11-26 20:13 -0500   8| object ScalaJSBenchmarks
            | -90286e0 Jonas Fonseca      2013-10-14 13:15 -0400   9|
            | -4779f9b Jonas Fonseca      2013-11-26 20:13 -0500  10|   val scalaJSScalaVersion
            | -90286e0 Jonas Fonseca      2013-10-14 13:15 -0400  11|
            | -90286e0 Jonas Fonseca      2013-10-14 13:15 -0400  12|   val projectSettings = D
            | -90286e0 Jonas Fonseca      2013-10-14 13:15 -0400  13|       organization := "sc
            | -90286e0 Jonas Fonseca      2013-10-14 13:15 -0400  14|       version := "0.1-SNA
            | -90286e0 Jonas Fonseca      2013-10-14 13:15 -0400  15|   )
            | -90286e0 Jonas Fonseca      2013-10-14 13:15 -0400  16|
            | -90286e0 Jonas Fonseca      2013-10-14 13:15 -0400  17|   val defaultSettings = p
            | -4779f9b Jonas Fonseca      2013-11-26 20:13 -0500  18|       scalaVersion := sca
            | -90286e0 Jonas Fonseca      2013-10-14 13:15 -0400  19|       scalacOptions ++= S
            | -90286e0 Jonas Fonseca      2013-10-14 13:15 -0400  20|           "-deprecation",
            | -90286e0 Jonas Fonseca      2013-10-14 13:15 -0400  21|           "-unchecked",
            | -90286e0 Jonas Fonseca      2013-10-14 13:15 -0400  22|           "-feature",
            | -90286e0 Jonas Fonseca      2013-10-14 13:15 -0400  23|           "-encoding", "u
            | -90286e0 Jonas Fonseca      2013-10-14 13:15 -0400  24|       )
            | -90286e0 Jonas Fonseca      2013-10-14 13:15 -0400  25|   )
            | -90286e0 Jonas Fonseca      2013-10-14 13:15 -0400  26|
            | -90286e0 Jonas Fonseca      2013-10-14 13:15 -0400  27|   lazy val parent: Projec
            | -90286e0 Jonas Fonseca      2013-10-14 13:15 -0400  28|       id = "parent",
            | -[blame] 90286e0752016a6bca30dfa7ca236d1f99345eb8:project/Build.scala - line  43%
            | +90286e07 Jonas Fonseca          1 import sbt._
            | +90286e07 Jonas Fonseca          2 import Keys._
            | +90286e07 Jonas Fonseca          3 
            | +74537d9b Sébastien Doeraene     4 import scala.scalajs.sbtplugin._
            | +90286e07 Jonas Fonseca          5 import ScalaJSPlugin._
            | +90286e07 Jonas Fonseca          6 import ScalaJSKeys._
            | +90286e07 Jonas Fonseca          7 
            | +4779f9b3 Jonas Fonseca          8 object ScalaJSBenchmarks extends Build {
            | +90286e07 Jonas Fonseca          9 
            | +4779f9b3 Jonas Fonseca         10   val scalaJSScalaVersion = "2.10.2"
            | +90286e07 Jonas Fonseca         11 
            | +90286e07 Jonas Fonseca         12   val projectSettings = Defaults.defaultSettin
            | +90286e07 Jonas Fonseca         13       organization := "scalajs-benchmarks",
            | +90286e07 Jonas Fonseca         14       version := "0.1-SNAPSHOT"
            | +90286e07 Jonas Fonseca         15   )
            | +90286e07 Jonas Fonseca         16 
            | +90286e07 Jonas Fonseca         17   val defaultSettings = projectSettings ++ sca
            | +4779f9b3 Jonas Fonseca         18       scalaVersion := scalaJSScalaVersion,
            | +90286e07 Jonas Fonseca         19       scalacOptions ++= Seq(
            | +90286e07 Jonas Fonseca         20           "-deprecation",
            | +90286e07 Jonas Fonseca         21           "-unchecked",
            | +90286e07 Jonas Fonseca         22           "-feature",
            | +90286e07 Jonas Fonseca         23           "-encoding", "utf8"
            | +90286e07 Jonas Fonseca         24       )
            | +90286e07 Jonas Fonseca         25   )
            | +90286e07 Jonas Fonseca         26 
            | +90286e07 Jonas Fonseca         27   lazy val parent: Project = Project(
            | +90286e07 Jonas Fonseca         28       id = "parent",
            | +[blame] 1 of 64
            | [FAIL] blame-with-diff.screen not found
            | [FAIL] blame-with-diff-no-file-filter.screen not found
            | [FAIL] blame-parent-of-74537d9.screen not found
      TEST  test/blame/initial-diff-test
            | Failed 3 out of 3 test(s)
            | [stderr] tig: Not implemented in Rust yet: 20 # Move to a deleted line.
            | [FAIL] unexpected status code: 1 (should be 0)
            | [FAIL] initial-diff.screen != expected/initial-diff.screen
            | diff --git a/expected/initial-diff.screen b/initial-diff.screen
            | index cf13c69..f4160bd 100644
            | --- a/expected/initial-diff.screen
            | +++ b/initial-diff.screen
            | @@ -19,4 +19,4 @@ index 65f914a..3aa4320 100644
            |   
            |  -  val global = js.Dynamic.global.asInstanceOf[js.Dictionary]
            |  +  val global = js.Dynamic.global.asInstanceOf[js.Dictionary[js.Any]]
            | -[diff] a1dcf1aaa11470978db1d5d8bcf9e16201eb70ff - line 1 of 24               87%
            | +[diff] 1 of 24
            | [FAIL] blame-deleted-line.screen not found
      TEST  test/blame/navigation-parent-test
            | Failed 2 out of 2 test(s)
            | [stderr] tig: Not implemented in Rust yet: parent
            | [FAIL] unexpected status code: 1 (should be 0)
            | [FAIL] recursive-blame.screen not found
      TEST  test/blame/revargs-test
            | Failed 3 out of 3 test(s)
            | [stderr] tig: git exited with exit status: 128: fatal: Needed a single revision
            | [FAIL] unexpected status code: 1 (should be 0)
            | [FAIL] limit.screen not found
            | [FAIL] parent-of-4779f9b.screen not found
      TEST  test/blame/start-on-line-test
            | Failed 1 out of 1 test(s)
            | [FAIL] position.screen != expected/position.screen
            | diff --git a/expected/position.screen b/position.screen
            | index 0ecf913..c2448b9 100644
            | --- a/expected/position.screen
            | +++ b/position.screen
            | @@ -1,29 +1,29 @@
            | -b103989 deltablue/DeltaBlue.scala                                                Jonas Fonseca 2013-10-20 00:23 -0700  28| // Dart by Google 2008-2010.
            | -b103989 deltablue/DeltaBlue.scala                                                Jonas Fonseca 2013-10-20 00:23 -0700  29| // Translated to Scala.js by Jonas Fonseca 2013
            | -b103989 deltablue/DeltaBlue.scala                                                Jonas Fonseca 2013-10-20 00:23 -0700  30|
            | -296fc90 deltablue/src/main/scala/org/scalajs/benchmark/deltablue/DeltaBlue.scala Jonas Fonseca 2014-01-16 22:51 -0500  31| package org.scalajs.benchmark.deltablue
            | -b103989 deltablue/DeltaBlue.scala                                                Jonas Fonseca 2013-10-20 00:23 -0700  32|
            | -b103989 deltablue/DeltaBlue.scala                                                Jonas Fonseca 2013-10-20 00:23 -0700  33| /**
            | -b103989 deltablue/DeltaBlue.scala                                                Jonas Fonseca 2013-10-20 00:23 -0700  34|  * A Scala implementation of the DeltaBlue constraint-solving
            | -b103989 deltablue/DeltaBlue.scala                                                Jonas Fonseca 2013-10-20 00:23 -0700  35|  * algorithm, as described in:
            | -b103989 deltablue/DeltaBlue.scala                                                Jonas Fonseca 2013-10-20 00:23 -0700  36|  *
            | -b103989 deltablue/DeltaBlue.scala                                                Jonas Fonseca 2013-10-20 00:23 -0700  37|  * "The DeltaBlue Algorithm: An Incremental Constraint Hierarchy Solver"
            | -b103989 deltablue/DeltaBlue.scala                                                Jonas Fonseca 2013-10-20 00:23 -0700  38|  *   Bjorn N. Freeman-Benson and John Maloney
            | -b103989 deltablue/DeltaBlue.scala                                                Jonas Fonseca 2013-10-20 00:23 -0700  39|  *   January 1990 Communications of the ACM,
            | -b103989 deltablue/DeltaBlue.scala                                                Jonas Fonseca 2013-10-20 00:23 -0700  40|  *   also available as University of Washington TR 89-08-06.
            | -b103989 deltablue/DeltaBlue.scala                                                Jonas Fonseca 2013-10-20 00:23 -0700  41|  *
            | -b103989 deltablue/DeltaBlue.scala                                                Jonas Fonseca 2013-10-20 00:23 -0700  42|  * Beware: this benchmark is written in a grotesque style where
            | -b103989 deltablue/DeltaBlue.scala                                                Jonas Fonseca 2013-10-20 00:23 -0700  43|  * the constraint model is built by side-effects from constructors.
            | -b103989 deltablue/DeltaBlue.scala                                                Jonas Fonseca 2013-10-20 00:23 -0700  44|  * I've kept it this way to avoid deviating too much from the original
            | -b103989 deltablue/DeltaBlue.scala                                                Jonas Fonseca 2013-10-20 00:23 -0700  45|  * implementation.
            | -b103989 deltablue/DeltaBlue.scala                                                Jonas Fonseca 2013-10-20 00:23 -0700  46|  */
            | -b103989 deltablue/DeltaBlue.scala                                                Jonas Fonseca 2013-10-20 00:23 -0700  47|
            | -b103989 deltablue/DeltaBlue.scala                                                Jonas Fonseca 2013-10-20 00:23 -0700  48| import scala.collection.mutable.ArrayBuffer
            | -ee91287 deltablue/src/main/scala/org/scalajs/benchmark/deltablue/DeltaBlue.scala Jonas Fonseca 2014-03-01 17:26 -0500  49| import scala.scalajs.js.annotation.JSExport
            | -b103989 deltablue/DeltaBlue.scala                                                Jonas Fonseca 2013-10-20 00:23 -0700  50|
            | -ee91287 deltablue/src/main/scala/org/scalajs/benchmark/deltablue/DeltaBlue.scala Jonas Fonseca 2014-03-01 17:26 -0500  51| @JSExport
            | -296fc90 deltablue/src/main/scala/org/scalajs/benchmark/deltablue/DeltaBlue.scala Jonas Fonseca 2014-01-16 22:51 -0500  52| object DeltaBlue extends org.scalajs.benchmark.Benchmark {
            | -b103989 deltablue/DeltaBlue.scala                                                Jonas Fonseca 2013-10-20 00:23 -0700  53|
            | -b103989 deltablue/DeltaBlue.scala                                                Jonas Fonseca 2013-10-20 00:23 -0700  54|   override def prefix = "DeltaBlue"
            | -b103989 deltablue/DeltaBlue.scala                                                Jonas Fonseca 2013-10-20 00:23 -0700  55|
            | -[blame] b103989d59edab3adc312ff5408fa3d344ea0201:deltablue/DeltaBlue.scala - line 42 of 711                                                                                                           7%
            | +b103989d Jonas Fonseca         15 // under the terms of the GNU General Public License as published by the Free
            | +b103989d Jonas Fonseca         16 // Software Foundation; either version 2, or (at your option) any later version.
            | +b103989d Jonas Fonseca         17 //
            | +b103989d Jonas Fonseca         18 // GNU Smalltalk is distributed in the hope that it will be useful, but WITHOUT
            | +b103989d Jonas Fonseca         19 // ANY WARRANTY; without even the implied warranty of MERCHANTABILITY or FITNESS
            | +b103989d Jonas Fonseca         20 // FOR A PARTICULAR PURPOSE.  See the GNU General Public License for more
            | +b103989d Jonas Fonseca         21 // details.
            | +b103989d Jonas Fonseca         22 //
            | +b103989d Jonas Fonseca         23 // You should have received a copy of the GNU General Public License along with
            | +b103989d Jonas Fonseca         24 // GNU Smalltalk; see the file COPYING.  If not, write to the Free Software
            | +b103989d Jonas Fonseca         25 // Foundation, 51 Franklin Street, Fifth Floor, Boston, MA 02110-1301, USA.
            | +b103989d Jonas Fonseca         26 //
            | +b103989d Jonas Fonseca         27 // Translated first from Smalltalk to JavaScript, and finally to
            | +b103989d Jonas Fonseca         28 // Dart by Google 2008-2010.
            | +b103989d Jonas Fonseca         29 // Translated to Scala.js by Jonas Fonseca 2013
            | +b103989d Jonas Fonseca         30 
            | +296fc90b Jonas Fonseca         31 package org.scalajs.benchmark.deltablue
            | +b103989d Jonas Fonseca         32 
            | +b103989d Jonas Fonseca         33 /**
            | +b103989d Jonas Fonseca         34  * A Scala implementation of the DeltaBlue constraint-solving
            | +b103989d Jonas Fonseca         35  * algorithm, as described in:
            | +b103989d Jonas Fonseca         36  *
            | +b103989d Jonas Fonseca         37  * "The DeltaBlue Algorithm: An Incremental Constraint Hierarchy Solver"
            | +b103989d Jonas Fonseca         38  *   Bjorn N. Freeman-Benson and John Maloney
            | +b103989d Jonas Fonseca         39  *   January 1990 Communications of the ACM,
            | +b103989d Jonas Fonseca         40  *   also available as University of Washington TR 89-08-06.
            | +b103989d Jonas Fonseca         41  *
            | +b103989d Jonas Fonseca         42  * Beware: this benchmark is written in a grotesque style where
            | +[blame] 42 of 711
      TEST  test/blame/stash-test
            | Failed 4 out of 4 test(s)
            | [stderr] tig: Expected a nonempty repository-relative path without '..'
            | [FAIL] unexpected status code: 1 (should be 0)
            | [FAIL] diff.screen != expected/diff.screen
            | diff --git a/expected/diff.screen b/diff.screen
            | index d95bdfd..27bfd77 100644
            | --- a/expected/diff.screen
            | +++ b/diff.screen
            | @@ -1,2 +1,2 @@
            | --original line
            | -[diff] Changes to 'file' - line 9 of 10  90%
            | +@@ -0,0 +1 @@
            | +[diff] 17 of 18
            | [FAIL] blame1.screen not found
            | [FAIL] blame2.screen not found
      TEST  test/blob/wrap-lines-test
            | Failed 2 out of 2 test(s)
            | [stderr] tig: Not implemented in Rust yet: /README.md
            | [FAIL] unexpected status code: 1 (should be 0)
            | [FAIL] wrapped.screen not found
      TEST  test/diff/commit-title-wrap-test
            | Failed 2 out of 2 test(s)
            | [stderr] tig: git exited with exit status: 128: fatal: Needed a single revision
            | [FAIL] unexpected status code: 1 (should be 0)
            | [FAIL] wrapped-commit-title.screen not found
      TEST  test/diff/diff-context-test
            | Failed 11 out of 11 test(s)
            | [stderr] tig: Not implemented in Rust yet: 21
            | [FAIL] unexpected status code: 1 (should be 0)
            | [FAIL] diff-default.screen != expected/diff-default.screen
            | diff --git a/expected/diff-default.screen b/diff-default.screen
            | index 094a6cd..5c699e5 100644
            | --- a/expected/diff-default.screen
            | +++ b/diff-default.screen
            | @@ -26,4 +26,4 @@ index 65f914a..3aa4320 100644
            |  
            |  
            |  
            | -[diff] a1dcf1aaa11470978db1d5d8bcf9e16201eb70ff - line 1 of 24              100%
            | +[diff] 1 of 24
            | [FAIL] diff-u4.screen not found
            | [FAIL] diff-u5.screen not found
            | [FAIL] diff-u10.screen not found
            | [FAIL] diff-u8.screen not found
            | [FAIL] diff-default-from-main.screen not found
            | [FAIL] diff-u10-from-main.screen not found
            | [FAIL] diff-u4-from-main.screen not found
            | [FAIL] diff-u5-from-main.screen not found
            | [FAIL] diff-u8-from-main.screen not found
      TEST  test/diff/diff-highlight-color-test
            [skipped] The test requires diff-highlight, usually found in share/git-core-contrib
      TEST  test/diff/diff-highlight-test
      CASE  test/diff/diff-highlight-test:diff-highlight-true
      CASE  test/diff/diff-highlight-test:diff-highlight-custom
      CASE  test/diff/diff-highlight-test:diff-highlight-misconfigured
            | Failed 3 out of 6 test(s)
            | [FAIL] diff-highlight-true.screen != expected/diff-highlight-true.screen
            | diff --git a/expected/diff-highlight-true.screen b/diff-highlight-true.screen
            | index 6e31703..5c699e5 100644
            | --- a/expected/diff-highlight-true.screen
            | +++ b/diff-highlight-true.screen
            | @@ -4,7 +4,7 @@ AuthorDate: Sat Mar 1 15:59:02 2014 -0500
            |  Commit:     Jonas Fonseca <jonas.fonseca@gmail.com>
            |  CommitDate: Sat Mar 1 15:59:02 2014 -0500
            |  
            | -    Changed by diff-highlight
            | +    Add type parameter for js.Dynamic
            |  ---
            |   common/src/main/scala/org/scalajs/benchmark/Benchmark.scala | 2 +-
            |   1 file changed, 1 insertion(+), 1 deletion(-)
            | @@ -26,4 +26,4 @@ index 65f914a..3aa4320 100644
            |  
            |  
            |  
            | -[diff] a1dcf1aaa11470978db1d5d8bcf9e16201eb70ff - line 1 of 24              100%
            | +[diff] 1 of 24
            |   [OK] diff-highlight-true.stderr assertion
            | [FAIL] diff-highlight-custom.screen != expected/diff-highlight-custom.screen
            | diff --git a/expected/diff-highlight-custom.screen b/diff-highlight-custom.screen
            | index b943e90..5c699e5 100644
            | --- a/expected/diff-highlight-custom.screen
            | +++ b/diff-highlight-custom.screen
            | @@ -1,29 +1,29 @@
            | -24      85    1067
            | +commit a1dcf1aaa11470978db1d5d8bcf9e16201eb70ff
            | +Author:     Jonas Fonseca <jonas.fonseca@gmail.com>
            | +AuthorDate: Sat Mar 1 15:59:02 2014 -0500
            | +Commit:     Jonas Fonseca <jonas.fonseca@gmail.com>
            | +CommitDate: Sat Mar 1 15:59:02 2014 -0500
            |  
            | +    Add type parameter for js.Dynamic
            | +---
            | + common/src/main/scala/org/scalajs/benchmark/Benchmark.scala | 2 +-
            | + 1 file changed, 1 insertion(+), 1 deletion(-)
            |  
            | +diff --git a/common/src/main/scala/org/scalajs/benchmark/Benchmark.scala b/commo
            | +index 65f914a..3aa4320 100644
            | +--- a/common/src/main/scala/org/scalajs/benchmark/Benchmark.scala
            | ++++ b/common/src/main/scala/org/scalajs/benchmark/Benchmark.scala
            | +@@ -15,7 +15,7 @@ object Benchmark {
            | +   val benchmarks = js.Array[Benchmark]()
            | +   val benchmarkApps = js.Array[BenchmarkApp]()
            |   
            | +-  val global = js.Dynamic.global.asInstanceOf[js.Dictionary]
            | ++  val global = js.Dynamic.global.asInstanceOf[js.Dictionary[js.Any]]
            | +   global("runScalaJSBenchmarks") = runBenchmarks _
            | +   global("initScalaJSBenchmarkApps") = initBenchmarkApps _
            |   
            |  
            |  
            |  
            |  
            | -
            | -
            | -
            | -
            | -
            | -
            | -
            | -
            | -
            | -
            | -
            | -
            | -
            | -
            | -
            | -
            | -
            | -
            | -
            | -[diff] HEAD - line 1 of 1                                                   100%
            | +[diff] 1 of 24
            |   [OK] diff-highlight-custom.stderr assertion
            | [FAIL] diff-highlight-misconfigured.screen != expected/diff-highlight-misconfigured.screen
            | diff --git a/expected/diff-highlight-misconfigured.screen b/diff-highlight-misconfigured.screen
            | index e314d0b..5c699e5 100644
            | --- a/expected/diff-highlight-misconfigured.screen
            | +++ b/diff-highlight-misconfigured.screen
            | @@ -1,29 +1,29 @@
            | +commit a1dcf1aaa11470978db1d5d8bcf9e16201eb70ff
            | +Author:     Jonas Fonseca <jonas.fonseca@gmail.com>
            | +AuthorDate: Sat Mar 1 15:59:02 2014 -0500
            | +Commit:     Jonas Fonseca <jonas.fonseca@gmail.com>
            | +CommitDate: Sat Mar 1 15:59:02 2014 -0500
            |  
            | +    Add type parameter for js.Dynamic
            | +---
            | + common/src/main/scala/org/scalajs/benchmark/Benchmark.scala | 2 +-
            | + 1 file changed, 1 insertion(+), 1 deletion(-)
            |  
            | +diff --git a/common/src/main/scala/org/scalajs/benchmark/Benchmark.scala b/commo
            | +index 65f914a..3aa4320 100644
            | +--- a/common/src/main/scala/org/scalajs/benchmark/Benchmark.scala
            | ++++ b/common/src/main/scala/org/scalajs/benchmark/Benchmark.scala
            | +@@ -15,7 +15,7 @@ object Benchmark {
            | +   val benchmarks = js.Array[Benchmark]()
            | +   val benchmarkApps = js.Array[BenchmarkApp]()
            |   
            | +-  val global = js.Dynamic.global.asInstanceOf[js.Dictionary]
            | ++  val global = js.Dynamic.global.asInstanceOf[js.Dictionary[js.Any]]
            | +   global("runScalaJSBenchmarks") = runBenchmarks _
            | +   global("initScalaJSBenchmarkApps") = initBenchmarkApps _
            |   
            |  
            |  
            |  
            |  
            | -
            | -
            | -
            | -
            | -
            | -
            | -
            | -
            | -
            | -
            | -
            | -
            | -
            | -
            | -
            | -
            | -
            | -
            | -
            | -
            | -[diff]                                                                        0%
            | +[diff] 1 of 24
            |   [OK] diff-highlight-misconfigured.stderr assertion
      TEST  test/diff/diff-stat-split-test
            | Failed 1 out of 1 test(s)
            | [stderr] tig: HOME/.tigrc:2: Unknown option: main-view-date-use-author
            | [FAIL] diff-stat.screen != expected/diff-stat.screen
            | diff --git a/expected/diff-stat.screen b/diff-stat.screen
            | index 1de3772..3400992 100644
            | --- a/expected/diff-stat.screen
            | +++ b/diff-stat.screen
            | @@ -1,29 +1,29 @@
            | -2014-03-01 17:26 -0500 Jonas Fonseca      ∙ [master] WIP: Upgrade to 0.4-SNAPSHOT and DCE  |commit ee912870202200a0b9cf4fd86ba57243212d341e
            | -2014-03-01 15:59 -0500 Jonas Fonseca      ∙ Add type parameter for js.Dynamic              |Refs: [master]
            | -2014-01-16 22:51 -0500 Jonas Fonseca      ∙ Move classes under org.scalajs.benchmark packag|Author:     Jonas Fonseca <jonas.fonseca@gmail.com>
            | -2014-01-16 17:43 -0500 Jonas Fonseca      ∙ Bump Scala.js version to 0.3-SNAPSHOT          |AuthorDate: Sat Mar 1 17:26:01 2014 -0500
            | -2014-01-16 17:39 -0500 Jonas Fonseca      ∙ Integrate app code into the benchmark infrastru|Commit:     Jonas Fonseca <jonas.fonseca@gmail.com>
            | -2014-01-16 07:47 -0800 Jonas Fonseca      ●─╮ Merge pull request #4 from phaller/patch-1   |CommitDate: Sat Mar 1 17:26:01 2014 -0500
            | -2014-01-16 15:32 +0100 Philipp Haller     │ ∙ Fix link to Dart benchmark harness           |
            | -2013-12-17 00:02 +0100 Jonas Fonseca      ∙─╯ Update links to reflect project name change  |    WIP: Upgrade to 0.4-SNAPSHOT and DCE
            | -2013-12-03 23:35 -0500 Jonas Fonseca      ∙ Use Scala.js 0.2-SNAPSHOT                      |---
            | -2013-11-26 23:39 -0500 Jonas Fonseca      ∙ Extract the benchmark list variable name; fix p| common/benchmark-runner.sh                                           |  5 +++--
            | -2013-11-26 23:31 -0500 Jonas Fonseca      ∙ Solve the easiest sudoku grid                  | common/src/main/scala/org/scalajs/benchmark/Benchmark.scala          | 11 +++++------
            | -2013-11-26 23:22 -0500 Jonas Fonseca      ∙ Disable phantomjs by default                   | common/src/main/scala/org/scalajs/benchmark/BenchmarkApp.scala       |  2 +-
            | -2013-11-26 22:55 -0500 Jonas Fonseca      ∙ Exclude Sudoku when running all benchmarks     | common/start-benchmark.js                                            |  9 +++++++--
            | -2013-11-26 22:52 -0500 Jonas Fonseca      ∙ Fix reference setup to work for node           | deltablue/exports.js                                                 | 13 -------------
            | -2013-11-26 22:03 -0500 Jonas Fonseca      ∙ Move benchmark registration to Scala           | .../src/main/scala/org/scalajs/benchmark/deltablue/DeltaBlue.scala   |  7 +++++++
            | -2013-11-26 20:13 -0500 Jonas Fonseca      ∙ Rename projects to be grouped together in Eclip| project/Build.scala                                                  | 13 ++++---------
            | -2013-11-19 21:56 -0500 Jonas Fonseca      ∙ sudoku: use iterator instead of Try()          | project/build.sbt                                                    |  5 ++++-
            | -2013-11-11 21:56 -0500 Jonas Fonseca      ∙ Add verification of sudoku solutions           | richards/exports.js                                                  | 13 -------------
            | -2013-11-11 21:50 -0500 Jonas Fonseca      ∙ Use stream to halt when first sudoku solution h| .../src/main/scala/org/scalajs/benchmark/richards/Richards.scala     |  3 +++
            | -2013-11-11 01:11 -0500 Jonas Fonseca      ∙ Add initial version of sudoku benchmark        | run.sh                                                               |  2 +-
            | -2013-11-05 23:20 -0500 Jonas Fonseca      ∙ Reformat code using Scala IDE                  | sudoku/exports.js                                                    | 13 -------------
            | -2013-11-05 20:41 -0500 Jonas Fonseca      ∙ Update exports.js files to use new Scala.js cla| sudoku/src/main/scala/org/scalajs/benchmark/sudoku/Sudoku.scala      |  2 ++
            | -2013-11-03 23:48 -0500 Jonas Fonseca      ∙ Add support for PhantomJS                      | tracer/exports.js                                                    | 13 -------------
            | -2013-11-03 23:11 -0500 Jonas Fonseca      ∙ Make the engine stubs file optional            | tracer/index-dev.html                                                |  2 +-
            | -2013-11-03 22:44 -0500 Jonas Fonseca      ∙ Refactor the benchmark shell code              | tracer/index.html                                                    |  2 +-
            | -2013-10-29 17:29 -0700 Jonas Fonseca      ●─╮ Merge pull request #2 from sjrd/patch-2      | tracer/src/main/scala/org/scalajs/benchmark/tracer/Tracer.scala      |  3 +++
            | -2013-10-29 18:48 +0100 Sébastien Doeraene │ ∙ Remove workaround to support Node.js.        | 17 files changed, 42 insertions(+), 76 deletions(-)
            | -2013-10-29 18:46 +0100 Sébastien Doeraene │ ∙ Update for new groupId and package structure |
            | -[main] ee912870202200a0b9cf4fd86ba57243212d341e - commit 1 of 48                        58%|[diff] ee912870202200a0b9cf4fd86ba57243212d341e - line 1 of 367                        7%
            | +commit ee912870202200a0b9cf4fd86ba57243212d341e
            | +Author:     Jonas Fonseca <jonas.fonseca@gmail.com>
            | +AuthorDate: Sat Mar 1 17:26:01 2014 -0500
            | +Commit:     Jonas Fonseca <jonas.fonseca@gmail.com>
            | +CommitDate: Sat Mar 1 17:26:01 2014 -0500
            | +
            | +    WIP: Upgrade to 0.4-SNAPSHOT and DCE
            | +---
            | + common/benchmark-runner.sh                                               |  5 +++--
            | + common/src/main/scala/org/scalajs/benchmark/Benchmark.scala              | 11 +++++------
            | + common/src/main/scala/org/scalajs/benchmark/BenchmarkApp.scala           |  2 +-
            | + common/start-benchmark.js                                                |  9 +++++++--
            | + deltablue/exports.js                                                     | 13 -------------
            | + deltablue/src/main/scala/org/scalajs/benchmark/deltablue/DeltaBlue.scala |  7 +++++++
            | + project/Build.scala                                                      | 13 ++++---------
            | + project/build.sbt                                                        |  5 ++++-
            | + richards/exports.js                                                      | 13 -------------
            | + richards/src/main/scala/org/scalajs/benchmark/richards/Richards.scala    |  3 +++
            | + run.sh                                                                   |  2 +-
            | + sudoku/exports.js                                                        | 13 -------------
            | + sudoku/src/main/scala/org/scalajs/benchmark/sudoku/Sudoku.scala          |  2 ++
            | + tracer/exports.js                                                        | 13 -------------
            | + tracer/index-dev.html                                                    |  2 +-
            | + tracer/index.html                                                        |  2 +-
            | + tracer/src/main/scala/org/scalajs/benchmark/tracer/Tracer.scala          |  3 +++
            | + 17 files changed, 42 insertions(+), 76 deletions(-)
            | +
            | +diff --git a/common/benchmark-runner.sh b/common/benchmark-runner.sh
            | +[diff] 1 of 366
      TEST  test/diff/diff-stat-test
            | Failed 2 out of 2 test(s)
            | [stderr] tig: Not implemented in Rust yet: save-view HOME/view.data
            | [FAIL] unexpected status code: 1 (should be 0)
            | [FAIL] view.data not found
      TEST  test/diff/diff-stdin-test
            | Failed 2 out of 2 test(s)
            | [stderr] tig: git exited with exit status: 128: fatal: Needed a single revision
            | [FAIL] unexpected status code: 1 (should be 0)
            | [FAIL] diff.screen not found
      TEST  test/diff/diff-wdiff-context-test
            | Failed 11 out of 11 test(s)
            | [stderr] tig: Not implemented in Rust yet: 21
            | [FAIL] unexpected status code: 1 (should be 0)
            | [FAIL] diff-default.screen != expected/diff-default.screen
            | diff --git a/expected/diff-default.screen b/diff-default.screen
            | index da66db4..5c699e5 100644
            | --- a/expected/diff-default.screen
            | +++ b/diff-default.screen
            | @@ -17,7 +17,8 @@ index 65f914a..3aa4320 100644
            |     val benchmarks = js.Array[Benchmark]()
            |     val benchmarkApps = js.Array[BenchmarkApp]()
            |   
            | -  val global = [-js.Dynamic.global.asInstanceOf[js.Dictionary]-]{+js.Dynamic.glo
            | +-  val global = js.Dynamic.global.asInstanceOf[js.Dictionary]
            | ++  val global = js.Dynamic.global.asInstanceOf[js.Dictionary[js.Any]]
            |     global("runScalaJSBenchmarks") = runBenchmarks _
            |     global("initScalaJSBenchmarkApps") = initBenchmarkApps _
            |   
            | @@ -25,5 +26,4 @@ index 65f914a..3aa4320 100644
            |  
            |  
            |  
            | -
            | -[diff] a1dcf1aaa11470978db1d5d8bcf9e16201eb70ff - line 1 of 23              100%
            | +[diff] 1 of 24
            | [FAIL] diff-u4.screen not found
            | [FAIL] diff-u5.screen not found
            | [FAIL] diff-u10.screen not found
            | [FAIL] diff-u8.screen not found
            | [FAIL] diff-default-from-main.screen not found
            | [FAIL] diff-u10-from-main.screen not found
            | [FAIL] diff-u4-from-main.screen not found
            | [FAIL] diff-u5-from-main.screen not found
            | [FAIL] diff-u8-from-main.screen not found
      TEST  test/diff/editor-test
      CASE  test/diff/editor-test:default
      CASE  test/diff/editor-test:sub-directory
      CASE  test/diff/editor-test:sub-directory-diffstat
      CASE  test/diff/editor-test:mnemonic
      CASE  test/diff/editor-test:noprefix
      CASE  test/diff/editor-test:default-conflict
      CASE  test/diff/editor-test:noprefix-conflict
            | Failed 22 out of 22 test(s)
            | [stderr] [default] tig: HOME/.tigrc:3: Unknown option: diff-view-line-number
            | [stderr] [default] tig: HOME/.tigrc:4: Unknown option: stage-view-line-number
            | [stderr] [default] tig: Not implemented in Rust yet: 210
            | [stderr] [sub-directory] tig: HOME/.tigrc:3: Unknown option: diff-view-line-number
            | [stderr] [sub-directory] tig: HOME/.tigrc:4: Unknown option: stage-view-line-number
            | [stderr] [sub-directory] tig: Not implemented in Rust yet: 210
            | [stderr] [sub-directory-diffstat] tig: HOME/.tigrc:3: Unknown option: diff-view-line-number
            | [stderr] [sub-directory-diffstat] tig: HOME/.tigrc:4: Unknown option: stage-view-line-number
            | [stderr] [sub-directory-diffstat] tig: Not implemented in Rust yet: 10
            | [stderr] [mnemonic] tig: HOME/.tigrc:3: Unknown option: diff-view-line-number
            | [stderr] [mnemonic] tig: HOME/.tigrc:4: Unknown option: stage-view-line-number
            | [stderr] [mnemonic] tig: Not implemented in Rust yet: 210
            | [stderr] [noprefix] tig: HOME/.tigrc:3: Unknown option: diff-view-line-number
            | [stderr] [noprefix] tig: HOME/.tigrc:4: Unknown option: stage-view-line-number
            | [stderr] [noprefix] tig: Not implemented in Rust yet: 210
            | [stderr] [default-conflict] tig: HOME/.tigrc:3: Unknown option: diff-view-line-number
            | [stderr] [default-conflict] tig: HOME/.tigrc:4: Unknown option: stage-view-line-number
            | [stderr] [default-conflict] tig: Not implemented in Rust yet: 7
            | [stderr] [noprefix-conflict] tig: HOME/.tigrc:3: Unknown option: diff-view-line-number
            | [stderr] [noprefix-conflict] tig: HOME/.tigrc:4: Unknown option: stage-view-line-number
            | [stderr] [noprefix-conflict] tig: Not implemented in Rust yet: 7
            | [FAIL] unexpected status code: 1 (should be 0)
            | [FAIL] default.screen not found
            | [FAIL] default.stderr != expected/default.stderr
            | diff --git a/expected/default.stderr b/default.stderr
            | index e69de29..7a75daa 100644
            | --- a/expected/default.stderr
            | +++ b/default.stderr
            | @@ -0,0 +1,3 @@
            | +tig: HOME/.tigrc:3: Unknown option: diff-view-line-number
            | +tig: HOME/.tigrc:4: Unknown option: stage-view-line-number
            | +tig: Not implemented in Rust yet: 210
            | [FAIL] unexpected status code: 1 (should be 0)
            | [FAIL] sub-directory.screen not found
            | [FAIL] sub-directory.stderr != expected/sub-directory.stderr
            | diff --git a/expected/sub-directory.stderr b/sub-directory.stderr
            | index e69de29..7a75daa 100644
            | --- a/expected/sub-directory.stderr
            | +++ b/sub-directory.stderr
            | @@ -0,0 +1,3 @@
            | +tig: HOME/.tigrc:3: Unknown option: diff-view-line-number
            | +tig: HOME/.tigrc:4: Unknown option: stage-view-line-number
            | +tig: Not implemented in Rust yet: 210
            | [FAIL] unexpected status code: 1 (should be 0)
            | [FAIL] sub-directory-diffstat.screen not found
            | [FAIL] sub-directory-diffstat.stderr != expected/sub-directory-diffstat.stderr
            | diff --git a/expected/sub-directory-diffstat.stderr b/sub-directory-diffstat.stderr
            | index e69de29..b5f951c 100644
            | --- a/expected/sub-directory-diffstat.stderr
            | +++ b/sub-directory-diffstat.stderr
            | @@ -0,0 +1,3 @@
            | +tig: HOME/.tigrc:3: Unknown option: diff-view-line-number
            | +tig: HOME/.tigrc:4: Unknown option: stage-view-line-number
            | +tig: Not implemented in Rust yet: 10
            | [FAIL] unexpected status code: 1 (should be 0)
            | [FAIL] mnemonic.screen not found
            | [FAIL] mnemonic.stderr != expected/mnemonic.stderr
            | diff --git a/expected/mnemonic.stderr b/mnemonic.stderr
            | index e69de29..7a75daa 100644
            | --- a/expected/mnemonic.stderr
            | +++ b/mnemonic.stderr
            | @@ -0,0 +1,3 @@
            | +tig: HOME/.tigrc:3: Unknown option: diff-view-line-number
            | +tig: HOME/.tigrc:4: Unknown option: stage-view-line-number
            | +tig: Not implemented in Rust yet: 210
            | [FAIL] unexpected status code: 1 (should be 0)
            | [FAIL] noprefix.screen not found
            | [FAIL] noprefix.stderr != expected/noprefix.stderr
            | diff --git a/expected/noprefix.stderr b/noprefix.stderr
            | index e69de29..7a75daa 100644
            | --- a/expected/noprefix.stderr
            | +++ b/noprefix.stderr
            | @@ -0,0 +1,3 @@
            | +tig: HOME/.tigrc:3: Unknown option: diff-view-line-number
            | +tig: HOME/.tigrc:4: Unknown option: stage-view-line-number
            | +tig: Not implemented in Rust yet: 210
            | [FAIL] unexpected status code: 1 (should be 0)
            | [FAIL] default-conflict.screen not found
            | [FAIL] default-conflict.stderr != expected/default-conflict.stderr
            | diff --git a/expected/default-conflict.stderr b/default-conflict.stderr
            | index e69de29..b57ab59 100644
            | --- a/expected/default-conflict.stderr
            | +++ b/default-conflict.stderr
            | @@ -0,0 +1,3 @@
            | +tig: HOME/.tigrc:3: Unknown option: diff-view-line-number
            | +tig: HOME/.tigrc:4: Unknown option: stage-view-line-number
            | +tig: Not implemented in Rust yet: 7
            | [FAIL] unexpected status code: 1 (should be 0)
            | [FAIL] noprefix-conflict.screen not found
            | [FAIL] noprefix-conflict.stderr != expected/noprefix-conflict.stderr
            | diff --git a/expected/noprefix-conflict.stderr b/noprefix-conflict.stderr
            | index e69de29..b57ab59 100644
            | --- a/expected/noprefix-conflict.stderr
            | +++ b/noprefix-conflict.stderr
            | @@ -0,0 +1,3 @@
            | +tig: HOME/.tigrc:3: Unknown option: diff-view-line-number
            | +tig: HOME/.tigrc:4: Unknown option: stage-view-line-number
            | +tig: Not implemented in Rust yet: 7
            | [FAIL] editor.log not found
      TEST  test/diff/line-number-test
            | Failed 2 out of 2 test(s)
            | [stderr] tig: Not implemented in Rust yet: !echo %(lineno)
            | [FAIL] unexpected status code: 1 (should be 0)
            | [FAIL] added-line-number.screen not found
      TEST  test/diff/maximized-navigation-test
            | Failed 6 out of 6 test(s)
            | [stderr] tig: Not implemented in Rust yet: maximize
            | [FAIL] unexpected status code: 1 (should be 0)
            | [FAIL] split.screen != expected/split.screen
            | diff --git a/expected/split.screen b/split.screen
            | index acfbf5b..6d4ae58 100644
            | --- a/expected/split.screen
            | +++ b/split.screen
            | @@ -1,11 +1,11 @@
            | -2014-03-01 17:26 -0500 Jonas Fonseca ∙ [master] WIP: Upgrade to 0.4-SNAPSHOT and
            | -2014-03-01 15:59 -0500 Jonas Fonseca ∙ Add type parameter for js.Dynamic
            | -2014-01-16 22:51 -0500 Jonas Fonseca ∙ Move classes under org.scalajs.benchmark
            | -[main] ee912870202200a0b9cf4fd86ba57243212d341e - commit 1 of 3             100%
            |  commit ee912870202200a0b9cf4fd86ba57243212d341e
            | -Refs: [master]
            |  Author:     Jonas Fonseca <jonas.fonseca@gmail.com>
            |  AuthorDate: Sat Mar 1 17:26:01 2014 -0500
            |  Commit:     Jonas Fonseca <jonas.fonseca@gmail.com>
            |  CommitDate: Sat Mar 1 17:26:01 2014 -0500
            | -[diff] ee912870202200a0b9cf4fd86ba57243212d341e - line 1 of 367               1%
            | +
            | +    WIP: Upgrade to 0.4-SNAPSHOT and DCE
            | +---
            | + common/benchmark-runner.sh                                  |  5 +++--
            | + common/src/main/scala/org/scalajs/benchmark/Benchmark.scala | 11 +++++------
            | +[diff] 1 of 366
            | [FAIL] maximized.screen not found
            | [FAIL] maximized-after-next.screen not found
            | [FAIL] diff.screen not found
            | [FAIL] diff-after-next.screen not found
      TEST  test/diff/open-after-split-test
            | Failed 4 out of 4 test(s)
            | [FAIL] split.screen != expected/split.screen
            | diff --git a/expected/split.screen b/split.screen
            | index acfbf5b..6d4ae58 100644
            | --- a/expected/split.screen
            | +++ b/split.screen
            | @@ -1,11 +1,11 @@
            | -2014-03-01 17:26 -0500 Jonas Fonseca ∙ [master] WIP: Upgrade to 0.4-SNAPSHOT and
            | -2014-03-01 15:59 -0500 Jonas Fonseca ∙ Add type parameter for js.Dynamic
            | -2014-01-16 22:51 -0500 Jonas Fonseca ∙ Move classes under org.scalajs.benchmark
            | -[main] ee912870202200a0b9cf4fd86ba57243212d341e - commit 1 of 3             100%
            |  commit ee912870202200a0b9cf4fd86ba57243212d341e
            | -Refs: [master]
            |  Author:     Jonas Fonseca <jonas.fonseca@gmail.com>
            |  AuthorDate: Sat Mar 1 17:26:01 2014 -0500
            |  Commit:     Jonas Fonseca <jonas.fonseca@gmail.com>
            |  CommitDate: Sat Mar 1 17:26:01 2014 -0500
            | -[diff] ee912870202200a0b9cf4fd86ba57243212d341e - line 1 of 367               1%
            | +
            | +    WIP: Upgrade to 0.4-SNAPSHOT and DCE
            | +---
            | + common/benchmark-runner.sh                                  |  5 +++--
            | + common/src/main/scala/org/scalajs/benchmark/Benchmark.scala | 11 +++++------
            | +[diff] 1 of 366
            | [FAIL] split-after-next.screen != expected/split-after-next.screen
            | diff --git a/expected/split-after-next.screen b/split-after-next.screen
            | index bdbe327..0ff390f 100644
            | --- a/expected/split-after-next.screen
            | +++ b/split-after-next.screen
            | @@ -1,11 +1,11 @@
            | -2014-03-01 17:26 -0500 Jonas Fonseca ∙ [master] WIP: Upgrade to 0.4-SNAPSHOT and
            | -2014-03-01 15:59 -0500 Jonas Fonseca ∙ Add type parameter for js.Dynamic
            | -2014-01-16 22:51 -0500 Jonas Fonseca ∙ Move classes under org.scalajs.benchmark
            | -[main] a1dcf1aaa11470978db1d5d8bcf9e16201eb70ff - commit 2 of 3             100%
            | -commit a1dcf1aaa11470978db1d5d8bcf9e16201eb70ff
            | +commit ee912870202200a0b9cf4fd86ba57243212d341e
            |  Author:     Jonas Fonseca <jonas.fonseca@gmail.com>
            | -AuthorDate: Sat Mar 1 15:59:02 2014 -0500
            | +AuthorDate: Sat Mar 1 17:26:01 2014 -0500
            |  Commit:     Jonas Fonseca <jonas.fonseca@gmail.com>
            | -CommitDate: Sat Mar 1 15:59:02 2014 -0500
            | +CommitDate: Sat Mar 1 17:26:01 2014 -0500
            |  
            | -[diff] a1dcf1aaa11470978db1d5d8bcf9e16201eb70ff - line 1 of 24               25%
            | +    WIP: Upgrade to 0.4-SNAPSHOT and DCE
            | +---
            | + common/benchmark-runner.sh                                  |  5 +++--
            | + common/src/main/scala/org/scalajs/benchmark/Benchmark.scala | 11 +++++------
            | +[diff] 2 of 366
            | [FAIL] diff.screen != expected/diff.screen
            | diff --git a/expected/diff.screen b/diff.screen
            | index 58b1937..6d4ae58 100644
            | --- a/expected/diff.screen
            | +++ b/diff.screen
            | @@ -1,11 +1,11 @@
            | -commit a1dcf1aaa11470978db1d5d8bcf9e16201eb70ff
            | +commit ee912870202200a0b9cf4fd86ba57243212d341e
            |  Author:     Jonas Fonseca <jonas.fonseca@gmail.com>
            | -AuthorDate: Sat Mar 1 15:59:02 2014 -0500
            | +AuthorDate: Sat Mar 1 17:26:01 2014 -0500
            |  Commit:     Jonas Fonseca <jonas.fonseca@gmail.com>
            | -CommitDate: Sat Mar 1 15:59:02 2014 -0500
            | +CommitDate: Sat Mar 1 17:26:01 2014 -0500
            |  
            | -    Add type parameter for js.Dynamic
            | +    WIP: Upgrade to 0.4-SNAPSHOT and DCE
            |  ---
            | - common/src/main/scala/org/scalajs/benchmark/Benchmark.scala | 2 +-
            | - 1 file changed, 1 insertion(+), 1 deletion(-)
            | -[diff] a1dcf1aaa11470978db1d5d8bcf9e16201eb70ff - line 1 of 24               41%
            | + common/benchmark-runner.sh                                  |  5 +++--
            | + common/src/main/scala/org/scalajs/benchmark/Benchmark.scala | 11 +++++------
            | +[diff] 1 of 366
            | [FAIL] diff-after-next.screen != expected/diff-after-next.screen
            | diff --git a/expected/diff-after-next.screen b/diff-after-next.screen
            | index 2eeeff4..0ff390f 100644
            | --- a/expected/diff-after-next.screen
            | +++ b/diff-after-next.screen
            | @@ -1,11 +1,11 @@
            | -commit a1dcf1aaa11470978db1d5d8bcf9e16201eb70ff
            | +commit ee912870202200a0b9cf4fd86ba57243212d341e
            |  Author:     Jonas Fonseca <jonas.fonseca@gmail.com>
            | -AuthorDate: Sat Mar 1 15:59:02 2014 -0500
            | +AuthorDate: Sat Mar 1 17:26:01 2014 -0500
            |  Commit:     Jonas Fonseca <jonas.fonseca@gmail.com>
            | -CommitDate: Sat Mar 1 15:59:02 2014 -0500
            | +CommitDate: Sat Mar 1 17:26:01 2014 -0500
            |  
            | -    Add type parameter for js.Dynamic
            | +    WIP: Upgrade to 0.4-SNAPSHOT and DCE
            |  ---
            | - common/src/main/scala/org/scalajs/benchmark/Benchmark.scala | 2 +-
            | - 1 file changed, 1 insertion(+), 1 deletion(-)
            | -[diff] a1dcf1aaa11470978db1d5d8bcf9e16201eb70ff - line 2 of 24               41%
            | + common/benchmark-runner.sh                                  |  5 +++--
            | + common/src/main/scala/org/scalajs/benchmark/Benchmark.scala | 11 +++++------
            | +[diff] 2 of 366
      TEST  test/diff/start-on-line-test
            | Failed 1 out of 1 test(s)
            | [FAIL] position.screen != expected/position.screen
            | diff --git a/expected/position.screen b/position.screen
            | index 6afbd19..94d70c3 100644
            | --- a/expected/position.screen
            | +++ b/position.screen
            | @@ -1,3 +1,16 @@
            | + 4 files changed, 222 insertions(+)
            | +
            | +diff --git a/project/Build.scala b/project/Build.scala
            | +index 1713681..a0be612 100644
            | +--- a/project/Build.scala
            | ++++ b/project/Build.scala
            | +@@ -40,6 +40,7 @@ object ScalaJSBuild extends Build {
            | +             clean in common,
            | +             clean in deltablue,
            | +             clean in richards,
            | ++            clean in sudoku,
            | +             clean in tracer
            | +          ).value
            |         )
            |  @@ -47,12 +48,14 @@ object ScalaJSBuild extends Build {
            |         common,
            | @@ -13,17 +26,4 @@
            |  +  lazy val sudoku = project("Sudoku", benchmarkSettings).dependsOn(common)
            |     lazy val tracer = project("Tracer", benchmarkSettings).dependsOn(common)
            |   
            | -   def project(id: String, settings: Seq[sbt.Def.Setting[_]]) = Project(
            | -diff --git a/sudoku/Sudoku.scala b/sudoku/Sudoku.scala
            | -new file mode 100644
            | -index 0000000..3109fb7
            | ---- /dev/null
            | -+++ b/sudoku/Sudoku.scala
            | -@@ -0,0 +1,182 @@
            | -+/*                     __                                               *\
            | -+**     ________ ___   / /  ___      __ ____  Scala.js Benchmarks        **
            | -+**    / __/ __// _ | / /  / _ | __ / // __/  (c) 2013, Jonas Fonseca    **
            | -+**  __\ \/ /__/ __ |/ /__/ __ |/_// /_\ \                               **
            | -+** /____/\___/_/ |_/____/_/ | |__/ /____/                               **
            | -+**                          |/____/                                     **
            | -[diff] Changes to 'project/Build.scala' - line 42 of 280                     19%
            | +[diff] 42 of 280
      TEST  test/diff/submodule-editor-diffstat-test
            | Failed 4 out of 4 test(s)
            | [stderr] tig: HOME/.tigrc:2: Unknown option: diff-view-line-number
            | [stderr] tig: Not implemented in Rust yet: 9
            | [FAIL] unexpected status code: 1 (should be 0)
            | [FAIL] diff.screen not found
            | [FAIL] editor.log not found
            | [FAIL] exec-env not found
      TEST  test/diff/submodule-editor-test
      CASE  test/diff/submodule-editor-test:default
      CASE  test/diff/submodule-editor-test:sub-directory
      CASE  test/diff/submodule-editor-test:sub-directory-diffstat
      CASE  test/diff/submodule-editor-test:mnemonic
      CASE  test/diff/submodule-editor-test:noprefix
      CASE  test/diff/submodule-editor-test:default-conflict
      CASE  test/diff/submodule-editor-test:noprefix-conflict
            | Failed 23 out of 23 test(s)
            | [stderr] [default] tig: HOME/.tigrc:3: Unknown option: diff-view-line-number
            | [stderr] [default] tig: HOME/.tigrc:4: Unknown option: stage-view-line-number
            | [stderr] [default] tig: Not implemented in Rust yet: 210
            | [stderr] [sub-directory] tig: HOME/.tigrc:3: Unknown option: diff-view-line-number
            | [stderr] [sub-directory] tig: HOME/.tigrc:4: Unknown option: stage-view-line-number
            | [stderr] [sub-directory] tig: Not implemented in Rust yet: 210
            | [stderr] [sub-directory-diffstat] tig: HOME/.tigrc:3: Unknown option: diff-view-line-number
            | [stderr] [sub-directory-diffstat] tig: HOME/.tigrc:4: Unknown option: stage-view-line-number
            | [stderr] [sub-directory-diffstat] tig: Not implemented in Rust yet: 10
            | [stderr] [mnemonic] tig: HOME/.tigrc:3: Unknown option: diff-view-line-number
            | [stderr] [mnemonic] tig: HOME/.tigrc:4: Unknown option: stage-view-line-number
            | [stderr] [mnemonic] tig: Not implemented in Rust yet: 210
            | [stderr] [noprefix] tig: HOME/.tigrc:3: Unknown option: diff-view-line-number
            | [stderr] [noprefix] tig: HOME/.tigrc:4: Unknown option: stage-view-line-number
            | [stderr] [noprefix] tig: Not implemented in Rust yet: 210
            | [stderr] [default-conflict] tig: HOME/.tigrc:3: Unknown option: diff-view-line-number
            | [stderr] [default-conflict] tig: HOME/.tigrc:4: Unknown option: stage-view-line-number
            | [stderr] [default-conflict] tig: Not implemented in Rust yet: 7
            | [stderr] [noprefix-conflict] tig: HOME/.tigrc:3: Unknown option: diff-view-line-number
            | [stderr] [noprefix-conflict] tig: HOME/.tigrc:4: Unknown option: stage-view-line-number
            | [stderr] [noprefix-conflict] tig: Not implemented in Rust yet: 7
            | [FAIL] unexpected status code: 1 (should be 0)
            | [FAIL] default.screen not found
            | [FAIL] default.stderr != expected/default.stderr
            | diff --git a/expected/default.stderr b/default.stderr
            | index e69de29..7a75daa 100644
            | --- a/expected/default.stderr
            | +++ b/default.stderr
            | @@ -0,0 +1,3 @@
            | +tig: HOME/.tigrc:3: Unknown option: diff-view-line-number
            | +tig: HOME/.tigrc:4: Unknown option: stage-view-line-number
            | +tig: Not implemented in Rust yet: 210
            | [FAIL] unexpected status code: 1 (should be 0)
            | [FAIL] sub-directory.screen not found
            | [FAIL] sub-directory.stderr != expected/sub-directory.stderr
            | diff --git a/expected/sub-directory.stderr b/sub-directory.stderr
            | index e69de29..7a75daa 100644
            | --- a/expected/sub-directory.stderr
            | +++ b/sub-directory.stderr
            | @@ -0,0 +1,3 @@
            | +tig: HOME/.tigrc:3: Unknown option: diff-view-line-number
            | +tig: HOME/.tigrc:4: Unknown option: stage-view-line-number
            | +tig: Not implemented in Rust yet: 210
            | [FAIL] unexpected status code: 1 (should be 0)
            | [FAIL] sub-directory-diffstat.screen not found
            | [FAIL] sub-directory-diffstat.stderr != expected/sub-directory-diffstat.stderr
            | diff --git a/expected/sub-directory-diffstat.stderr b/sub-directory-diffstat.stderr
            | index e69de29..b5f951c 100644
            | --- a/expected/sub-directory-diffstat.stderr
            | +++ b/sub-directory-diffstat.stderr
            | @@ -0,0 +1,3 @@
            | +tig: HOME/.tigrc:3: Unknown option: diff-view-line-number
            | +tig: HOME/.tigrc:4: Unknown option: stage-view-line-number
            | +tig: Not implemented in Rust yet: 10
            | [FAIL] unexpected status code: 1 (should be 0)
            | [FAIL] mnemonic.screen not found
            | [FAIL] mnemonic.stderr != expected/mnemonic.stderr
            | diff --git a/expected/mnemonic.stderr b/mnemonic.stderr
            | index e69de29..7a75daa 100644
            | --- a/expected/mnemonic.stderr
            | +++ b/mnemonic.stderr
            | @@ -0,0 +1,3 @@
            | +tig: HOME/.tigrc:3: Unknown option: diff-view-line-number
            | +tig: HOME/.tigrc:4: Unknown option: stage-view-line-number
            | +tig: Not implemented in Rust yet: 210
            | [FAIL] unexpected status code: 1 (should be 0)
            | [FAIL] noprefix.screen not found
            | [FAIL] noprefix.stderr != expected/noprefix.stderr
            | diff --git a/expected/noprefix.stderr b/noprefix.stderr
            | index e69de29..7a75daa 100644
            | --- a/expected/noprefix.stderr
            | +++ b/noprefix.stderr
            | @@ -0,0 +1,3 @@
            | +tig: HOME/.tigrc:3: Unknown option: diff-view-line-number
            | +tig: HOME/.tigrc:4: Unknown option: stage-view-line-number
            | +tig: Not implemented in Rust yet: 210
            | [FAIL] unexpected status code: 1 (should be 0)
            | [FAIL] default-conflict.screen not found
            | [FAIL] default-conflict.stderr != expected/default-conflict.stderr
            | diff --git a/expected/default-conflict.stderr b/default-conflict.stderr
            | index e69de29..b57ab59 100644
            | --- a/expected/default-conflict.stderr
            | +++ b/default-conflict.stderr
            | @@ -0,0 +1,3 @@
            | +tig: HOME/.tigrc:3: Unknown option: diff-view-line-number
            | +tig: HOME/.tigrc:4: Unknown option: stage-view-line-number
            | +tig: Not implemented in Rust yet: 7
            | [FAIL] unexpected status code: 1 (should be 0)
            | [FAIL] noprefix-conflict.screen not found
            | [FAIL] noprefix-conflict.stderr != expected/noprefix-conflict.stderr
            | diff --git a/expected/noprefix-conflict.stderr b/noprefix-conflict.stderr
            | index e69de29..b57ab59 100644
            | --- a/expected/noprefix-conflict.stderr
            | +++ b/noprefix-conflict.stderr
            | @@ -0,0 +1,3 @@
            | +tig: HOME/.tigrc:3: Unknown option: diff-view-line-number
            | +tig: HOME/.tigrc:4: Unknown option: stage-view-line-number
            | +tig: Not implemented in Rust yet: 7
            | [FAIL] editor.log not found
            | [FAIL] exec-env != expected/exec-env
            | diff --git a/expected/exec-env b/exec-env
            | index 11d19f6..ece0cb8 100644
            | --- a/expected/exec-env
            | +++ b/exec-env
            | @@ -10,21 +10,9 @@ sub-directory
            |   - show-cdup=../../
            |   - is-inside-work-tree=true
            |   - show-superproject-working-tree=ROOT/work-dir
            | -sub-directory::exec
            | - - pwd=ROOT/work-dir/bench
            | - - git-dir=ROOT/work-dir/.git/modules/bench
            | - - show-cdup=
            | - - is-inside-work-tree=true
            | - - show-superproject-working-tree=ROOT/work-dir
            |  sub-directory-diffstat
            |   - pwd=ROOT/work-dir/bench/some/subdir
            |   - git-dir=ROOT/work-dir/.git/modules/bench
            |   - show-cdup=../../
            |   - is-inside-work-tree=true
            |   - show-superproject-working-tree=ROOT/work-dir
            | -sub-directory-diffstat::exec
            | - - pwd=ROOT/work-dir/bench
            | - - git-dir=ROOT/work-dir/.git/modules/bench
            | - - show-cdup=
            | - - is-inside-work-tree=true
            | - - show-superproject-working-tree=ROOT/work-dir
      TEST  test/diff/worktree-editor-test
      CASE  test/diff/worktree-editor-test:default
      CASE  test/diff/worktree-editor-test:sub-directory
      CASE  test/diff/worktree-editor-test:sub-directory-diffstat
      CASE  test/diff/worktree-editor-test:mnemonic
      CASE  test/diff/worktree-editor-test:noprefix
      CASE  test/diff/worktree-editor-test:default-conflict
      CASE  test/diff/worktree-editor-test:noprefix-conflict
            | Failed 23 out of 23 test(s)
            | [stderr] [default] tig: HOME/.tigrc:3: Unknown option: diff-view-line-number
            | [stderr] [default] tig: HOME/.tigrc:4: Unknown option: stage-view-line-number
            | [stderr] [default] tig: Not implemented in Rust yet: 210
            | [stderr] [sub-directory] tig: HOME/.tigrc:3: Unknown option: diff-view-line-number
            | [stderr] [sub-directory] tig: HOME/.tigrc:4: Unknown option: stage-view-line-number
            | [stderr] [sub-directory] tig: Not implemented in Rust yet: 210
            | [stderr] [sub-directory-diffstat] tig: HOME/.tigrc:3: Unknown option: diff-view-line-number
            | [stderr] [sub-directory-diffstat] tig: HOME/.tigrc:4: Unknown option: stage-view-line-number
            | [stderr] [sub-directory-diffstat] tig: Not implemented in Rust yet: 10
            | [stderr] [mnemonic] tig: HOME/.tigrc:3: Unknown option: diff-view-line-number
            | [stderr] [mnemonic] tig: HOME/.tigrc:4: Unknown option: stage-view-line-number
            | [stderr] [mnemonic] tig: Not implemented in Rust yet: 210
            | [stderr] [noprefix] tig: HOME/.tigrc:3: Unknown option: diff-view-line-number
            | [stderr] [noprefix] tig: HOME/.tigrc:4: Unknown option: stage-view-line-number
            | [stderr] [noprefix] tig: Not implemented in Rust yet: 210
            | [stderr] [default-conflict] tig: HOME/.tigrc:3: Unknown option: diff-view-line-number
            | [stderr] [default-conflict] tig: HOME/.tigrc:4: Unknown option: stage-view-line-number
            | [stderr] [default-conflict] tig: Not implemented in Rust yet: 7
            | [stderr] [noprefix-conflict] tig: HOME/.tigrc:3: Unknown option: diff-view-line-number
            | [stderr] [noprefix-conflict] tig: HOME/.tigrc:4: Unknown option: stage-view-line-number
            | [stderr] [noprefix-conflict] tig: Not implemented in Rust yet: 7
            | [FAIL] unexpected status code: 1 (should be 0)
            | [FAIL] default.screen not found
            | [FAIL] default.stderr != expected/default.stderr
            | diff --git a/expected/default.stderr b/default.stderr
            | index e69de29..7a75daa 100644
            | --- a/expected/default.stderr
            | +++ b/default.stderr
            | @@ -0,0 +1,3 @@
            | +tig: HOME/.tigrc:3: Unknown option: diff-view-line-number
            | +tig: HOME/.tigrc:4: Unknown option: stage-view-line-number
            | +tig: Not implemented in Rust yet: 210
            | [FAIL] unexpected status code: 1 (should be 0)
            | [FAIL] sub-directory.screen not found
            | [FAIL] sub-directory.stderr != expected/sub-directory.stderr
            | diff --git a/expected/sub-directory.stderr b/sub-directory.stderr
            | index e69de29..7a75daa 100644
            | --- a/expected/sub-directory.stderr
            | +++ b/sub-directory.stderr
            | @@ -0,0 +1,3 @@
            | +tig: HOME/.tigrc:3: Unknown option: diff-view-line-number
            | +tig: HOME/.tigrc:4: Unknown option: stage-view-line-number
            | +tig: Not implemented in Rust yet: 210
            | [FAIL] unexpected status code: 1 (should be 0)
            | [FAIL] sub-directory-diffstat.screen not found
            | [FAIL] sub-directory-diffstat.stderr != expected/sub-directory-diffstat.stderr
            | diff --git a/expected/sub-directory-diffstat.stderr b/sub-directory-diffstat.stderr
            | index e69de29..b5f951c 100644
            | --- a/expected/sub-directory-diffstat.stderr
            | +++ b/sub-directory-diffstat.stderr
            | @@ -0,0 +1,3 @@
            | +tig: HOME/.tigrc:3: Unknown option: diff-view-line-number
            | +tig: HOME/.tigrc:4: Unknown option: stage-view-line-number
            | +tig: Not implemented in Rust yet: 10
            | [FAIL] unexpected status code: 1 (should be 0)
            | [FAIL] mnemonic.screen not found
            | [FAIL] mnemonic.stderr != expected/mnemonic.stderr
            | diff --git a/expected/mnemonic.stderr b/mnemonic.stderr
            | index e69de29..7a75daa 100644
            | --- a/expected/mnemonic.stderr
            | +++ b/mnemonic.stderr
            | @@ -0,0 +1,3 @@
            | +tig: HOME/.tigrc:3: Unknown option: diff-view-line-number
            | +tig: HOME/.tigrc:4: Unknown option: stage-view-line-number
            | +tig: Not implemented in Rust yet: 210
            | [FAIL] unexpected status code: 1 (should be 0)
            | [FAIL] noprefix.screen not found
            | [FAIL] noprefix.stderr != expected/noprefix.stderr
            | diff --git a/expected/noprefix.stderr b/noprefix.stderr
            | index e69de29..7a75daa 100644
            | --- a/expected/noprefix.stderr
            | +++ b/noprefix.stderr
            | @@ -0,0 +1,3 @@
            | +tig: HOME/.tigrc:3: Unknown option: diff-view-line-number
            | +tig: HOME/.tigrc:4: Unknown option: stage-view-line-number
            | +tig: Not implemented in Rust yet: 210
            | [FAIL] unexpected status code: 1 (should be 0)
            | [FAIL] default-conflict.screen not found
            | [FAIL] default-conflict.stderr != expected/default-conflict.stderr
            | diff --git a/expected/default-conflict.stderr b/default-conflict.stderr
            | index e69de29..b57ab59 100644
            | --- a/expected/default-conflict.stderr
            | +++ b/default-conflict.stderr
            | @@ -0,0 +1,3 @@
            | +tig: HOME/.tigrc:3: Unknown option: diff-view-line-number
            | +tig: HOME/.tigrc:4: Unknown option: stage-view-line-number
            | +tig: Not implemented in Rust yet: 7
            | [FAIL] unexpected status code: 1 (should be 0)
            | [FAIL] noprefix-conflict.screen not found
            | [FAIL] noprefix-conflict.stderr != expected/noprefix-conflict.stderr
            | diff --git a/expected/noprefix-conflict.stderr b/noprefix-conflict.stderr
            | index e69de29..b57ab59 100644
            | --- a/expected/noprefix-conflict.stderr
            | +++ b/noprefix-conflict.stderr
            | @@ -0,0 +1,3 @@
            | +tig: HOME/.tigrc:3: Unknown option: diff-view-line-number
            | +tig: HOME/.tigrc:4: Unknown option: stage-view-line-number
            | +tig: Not implemented in Rust yet: 7
            | [FAIL] editor.log not found
            | [FAIL] exec-env != expected/exec-env
            | diff --git a/expected/exec-env b/exec-env
            | index 91cdbf7..698c404 100644
            | --- a/expected/exec-env
            | +++ b/exec-env
            | @@ -4,33 +4,15 @@ default
            |   - show-cdup=
            |   - is-inside-work-tree=true
            |   - show-superproject-working-tree=
            | -default::exec
            | - - pwd=ROOT/work-dir
            | - - git-dir=ROOT/base/.git/worktrees/work-dir
            | - - show-cdup=
            | - - is-inside-work-tree=true
            | - - show-superproject-working-tree=
            |  sub-directory
            |   - pwd=ROOT/work-dir/some/subdir
            |   - git-dir=ROOT/base/.git/worktrees/work-dir
            |   - show-cdup=../../
            |   - is-inside-work-tree=true
            |   - show-superproject-working-tree=
            | -sub-directory::exec
            | - - pwd=ROOT/work-dir
            | - - git-dir=ROOT/base/.git/worktrees/work-dir
            | - - show-cdup=
            | - - is-inside-work-tree=true
            | - - show-superproject-working-tree=
            |  sub-directory-diffstat
            |   - pwd=ROOT/work-dir/some/subdir
            |   - git-dir=ROOT/base/.git/worktrees/work-dir
            |   - show-cdup=../../
            |   - is-inside-work-tree=true
            |   - show-superproject-working-tree=
            | -sub-directory-diffstat::exec
            | - - pwd=ROOT/work-dir
            | - - git-dir=ROOT/base/.git/worktrees/work-dir
            | - - show-cdup=
            | - - is-inside-work-tree=true
            | - - show-superproject-working-tree=
      TEST  test/diff/wrap-lines-test
            | Failed 1 out of 1 test(s)
            | [FAIL] wrapped.screen != expected/wrapped.screen
            | diff --git a/expected/wrapped.screen b/wrapped.screen
            | index 8bc2395..99ecd0f 100644
            | --- a/expected/wrapped.screen
            | +++ b/wrapped.screen
            | @@ -1,14 +1,8 @@
            |  commit ee912870202200a0b9cf4fd86ba572432
            | -12d341e
            | -Refs: [master]
            |  Author:     Jonas Fonseca <jonas.fonseca
            | -+@gmail.com>
            |  AuthorDate: Sat Mar 1 17:26:01 2014 -050
            | -+0
            |  Commit:     Jonas Fonseca <jonas.fonseca
            | -+@gmail.com>
            |  CommitDate: Sat Mar 1 17:26:01 2014 -050
            | -+0
            |  
            |      WIP: Upgrade to 0.4-SNAPSHOT and DCE
            |  ---
            | @@ -26,4 +20,10 @@ CommitDate: Sat Mar 1 17:26:01 2014 -050
            |   sudoku/exports.js         | 13 -------
            |   .../sudoku/Sudoku.scala   |  2 +
            |   tracer/exports.js         | 13 -------
            | -[diff] ee912870202200a0b9cf4fd86ba572 5%
            | + tracer/index-dev.html     |  2 +-
            | + tracer/index.html         |  2 +-
            | + .../tracer/Tracer.scala   |  3 ++
            | + 17 files changed, 42 insertions(+), 76 
            | +
            | +diff --git a/common/benchmark-runner.sh 
            | +[diff] 1 of 366
      TEST  test/graph/00-simple-test
      TEST  test/graph/01-merge-from-left-test
      TEST  test/graph/02-duplicate-parent-test
      TEST  test/graph/03-octo-merge-test
      TEST  test/graph/04-missing-bar-test
      TEST  test/graph/05-extra-pipe-test
      TEST  test/graph/06-extra-bars-test
      TEST  test/graph/07-multi-collapse-test
      TEST  test/graph/08-multi-collapse-2-test
      TEST  test/graph/09-parallel-siblings-test
      TEST  test/graph/10-shorter-merge-than-branch-test
      TEST  test/graph/11-new-branch-in-middle-test
      TEST  test/graph/12-cross-over-collapse-test
      TEST  test/graph/13-collapse-parallel-branches-with-different-middle-branch-test
      TEST  test/graph/14-long-collapse-line-test
      TEST  test/graph/15-many-merges-test
      TEST  test/graph/16-changes-test
      TEST  test/graph/17-more-merges-test
      TEST  test/graph/18-tig-test
      TEST  test/graph/19-tig-all-test
      TEST  test/graph/20-tig-all-long-test
      TEST  test/graph/gh-490-heap-buffer-overflow-test
            [skipped] The test requires clang and is only run via `make test-address-sanitizer`
      TEST  test/graph/regression/horizontal-artifact-test
      TEST  test/graph/regression/horizontal-bar-wrong-2-test
      TEST  test/grep/default-test
            | Failed 9 out of 9 test(s)
            | [stderr] tig: HOME/.tigrc:1: Invalid value for vertical-split: no
            | [FAIL] grep-text.screen != expected/grep-text.screen
            | diff --git a/expected/grep-text.screen b/grep-text.screen
            | index 7f39122..23bc3cc 100644
            | --- a/expected/grep-text.screen
            | +++ b/grep-text.screen
            | @@ -1,7 +1,6 @@
            | -README
            | -  3| Paragraph of text.
            | -main.c
            | -  6|         /* Some text */
            | +README:Paragraph of text.
            | +Binary file binary.png matches
            | +main.c: /* Some text */
            |  
            |  
            |  
            | @@ -12,4 +11,5 @@ main.c
            |  
            |  
            |  
            | -[grep] README - line 1 of 4                                                 100%
            | +
            | +[grep] 1 of 3
            | [FAIL] grep-text-split-1.screen != expected/grep-text-split-1.screen
            | diff --git a/expected/grep-text-split-1.screen b/grep-text-split-1.screen
            | index eaf33d5..23bc3cc 100644
            | --- a/expected/grep-text-split-1.screen
            | +++ b/grep-text-split-1.screen
            | @@ -1,15 +1,15 @@
            | -README
            | -  3| Paragraph of text.
            | -main.c
            | -  6|         /* Some text */
            | -[grep] README - line 1 of 4                                                 100%
            | -= Title
            | -
            | -Paragraph of text.
            | -Wherein.
            | -Description.
            | -Hidden.
            | -Idling.
            | -Is inserted.
            | -
            | -[blob] README - line 1 of 11                                                 81%
            | +README:Paragraph of text.
            | +Binary file binary.png matches
            | +main.c: /* Some text */
            | +
            | +
            | +
            | +
            | +
            | +
            | +
            | +
            | +
            | +
            | +
            | +[grep] 1 of 3
            | [FAIL] grep-text-split-2.screen != expected/grep-text-split-2.screen
            | diff --git a/expected/grep-text-split-2.screen b/grep-text-split-2.screen
            | index 45d641d..7868e8c 100644
            | --- a/expected/grep-text-split-2.screen
            | +++ b/grep-text-split-2.screen
            | @@ -1,15 +1,15 @@
            | -README
            | -  3| Paragraph of text.
            | -main.c
            | -  6|         /* Some text */
            | -[grep] README - line 2 of 4                                                 100%
            | -= Title
            | -
            | -Paragraph of text.
            | -Wherein.
            | -Description.
            | -Hidden.
            | -Idling.
            | -Is inserted.
            | -
            | -[blob] README - line 3 of 11                                                 81%
            | +README:Paragraph of text.
            | +Binary file binary.png matches
            | +main.c: /* Some text */
            | +
            | +
            | +
            | +
            | +
            | +
            | +
            | +
            | +
            | +
            | +
            | +[grep] 2 of 3
            | [FAIL] grep-text-split-3.screen != expected/grep-text-split-3.screen
            | diff --git a/expected/grep-text-split-3.screen b/grep-text-split-3.screen
            | index 4282129..0264df4 100644
            | --- a/expected/grep-text-split-3.screen
            | +++ b/grep-text-split-3.screen
            | @@ -1,15 +1,15 @@
            | -README
            | -  3| Paragraph of text.
            | -main.c
            | -  6|         /* Some text */
            | -[grep] main.c - line 3 of 4                                                 100%
            | -#include <stdin.h>
            | -
            | -int
            | -main(int argc, const char *argv[])
            | -{
            | -        /* Some text */
            | -        exit(0);
            | -}
            | -
            | -[blob] main.c - line 1 of 8                                                 100%
            | +README:Paragraph of text.
            | +Binary file binary.png matches
            | +main.c: /* Some text */
            | +
            | +
            | +
            | +
            | +
            | +
            | +
            | +
            | +
            | +
            | +
            | +[grep] 3 of 3
            | [FAIL] grep-text-split-4.screen != expected/grep-text-split-4.screen
            | diff --git a/expected/grep-text-split-4.screen b/grep-text-split-4.screen
            | index 92e59fa..0264df4 100644
            | --- a/expected/grep-text-split-4.screen
            | +++ b/grep-text-split-4.screen
            | @@ -1,15 +1,15 @@
            | -README
            | -  3| Paragraph of text.
            | -main.c
            | -  6|         /* Some text */
            | -[grep] main.c - line 4 of 4                                                 100%
            | -#include <stdin.h>
            | -
            | -int
            | -main(int argc, const char *argv[])
            | -{
            | -        /* Some text */
            | -        exit(0);
            | -}
            | -
            | -[blob] main.c - line 6 of 8                                                 100%
            | +README:Paragraph of text.
            | +Binary file binary.png matches
            | +main.c: /* Some text */
            | +
            | +
            | +
            | +
            | +
            | +
            | +
            | +
            | +
            | +
            | +
            | +[grep] 3 of 3
            | [FAIL] grep-main.screen not found
            | [FAIL] grep-i.screen not found
            | [FAIL] grep-i-split.screen not found
            | [FAIL] grep-none.screen not found
      TEST  test/grep/editor-test
            | Failed 3 out of 3 test(s)
            | [stderr] tig: HOME/.tigrc:1: Invalid value for vertical-split: no
            | [stderr] tig: Not implemented in Rust yet: 3
            | [FAIL] unexpected status code: 1 (should be 0)
            | [FAIL] grep-scalajs.screen != expected/grep-scalajs.screen
            | diff --git a/expected/grep-scalajs.screen b/grep-scalajs.screen
            | index 2633a7e..d721873 100644
            | --- a/expected/grep-scalajs.screen
            | +++ b/grep-scalajs.screen
            | @@ -1,15 +1,15 @@
            | -common/src/main/scala/org/scalajs/benchmark/Benchmark.scala
            | - 13| import scala.scalajs.js.annotation.JSExport
            | - 15| @JSExport
            | - 27|   @JSExport
            | - 32|   @JSExport
            | -100|   @JSExport
            | -deltablue/src/main/scala/org/scalajs/benchmark/deltablue/DeltaBlue.scala
            | - 49| import scala.scalajs.js.annotation.JSExport
            | - 51| @JSExport
            | - 56|   @JSExport
            | -richards/src/main/scala/org/scalajs/benchmark/richards/Richards.scala
            | - 48| import scala.scalajs.js.annotation.JSExport
            | - 53| @JSExport
            | -sudoku/src/main/scala/org/scalajs/benchmark/sudoku/Sudoku.scala
            | -[grep] common/src/main/scala/org/scalajs/benchmark/Benchmark.scala - line 1  73%
            | +common/src/main/scala/org/scalajs/benchmark/Benchmark.scala:import scala.scalajs
            | +common/src/main/scala/org/scalajs/benchmark/Benchmark.scala:@JSExport
            | +common/src/main/scala/org/scalajs/benchmark/Benchmark.scala:  @JSExport
            | +common/src/main/scala/org/scalajs/benchmark/Benchmark.scala:  @JSExport
            | +common/src/main/scala/org/scalajs/benchmark/Benchmark.scala:  @JSExport
            | +deltablue/src/main/scala/org/scalajs/benchmark/deltablue/DeltaBlue.scala:import 
            | +deltablue/src/main/scala/org/scalajs/benchmark/deltablue/DeltaBlue.scala:@JSExpo
            | +deltablue/src/main/scala/org/scalajs/benchmark/deltablue/DeltaBlue.scala:  @JSEx
            | +richards/src/main/scala/org/scalajs/benchmark/richards/Richards.scala:import sca
            | +richards/src/main/scala/org/scalajs/benchmark/richards/Richards.scala:@JSExport
            | +sudoku/src/main/scala/org/scalajs/benchmark/sudoku/Sudoku.scala:import scala.sca
            | +sudoku/src/main/scala/org/scalajs/benchmark/sudoku/Sudoku.scala:@JSExport
            | +tracer/src/main/scala/org/scalajs/benchmark/tracer/Tracer.scala:import scala.sca
            | +tracer/src/main/scala/org/scalajs/benchmark/tracer/Tracer.scala:@JSExport
            | +[grep] 1 of 14
            | [FAIL] editor.log not found
      TEST  test/grep/refspec-test
            | Failed 3 out of 3 test(s)
            | [stderr] tig: HOME/.tigrc:1: Invalid value for vertical-split: no
            | [stderr] tig: Not implemented in Rust yet: 2
            | [FAIL] unexpected status code: 1 (should be 0)
            | [FAIL] grep-sudoku.screen != expected/grep-sudoku.screen
            | diff --git a/expected/grep-sudoku.screen b/grep-sudoku.screen
            | index 8c744f0..69a9f01 100644
            | --- a/expected/grep-sudoku.screen
            | +++ b/grep-sudoku.screen
            | @@ -1,15 +1,15 @@
            | -d92a308941e6ccb79cb02f96417cab7b67b998c2:project/Build.scala
            | - 43|              clean in sudoku,
            | - 51|       sudoku,
            | - 58|   lazy val sudoku = project("Sudoku", benchmarkSettings).dependsOn(common)
            | -d92a308941e6ccb79cb02f96417cab7b67b998c2:sudoku/Sudoku.scala
            | - 11| package benchmarks.sudoku
            | -d92a308941e6ccb79cb02f96417cab7b67b998c2:sudoku/exports.js
            | - 22|     var benchmark = new ScalaJS.classes.benchmarks_sudoku_Sudoku();
            | +d92a308941e6ccb79cb02f96417cab7b67b998c2:project/Build.scala:        clean in su
            | +d92a308941e6ccb79cb02f96417cab7b67b998c2:project/Build.scala:      sudoku,
            | +d92a308941e6ccb79cb02f96417cab7b67b998c2:project/Build.scala:  lazy val sudoku =
            | +d92a308941e6ccb79cb02f96417cab7b67b998c2:sudoku/Sudoku.scala:package benchmarks.
            | +d92a308941e6ccb79cb02f96417cab7b67b998c2:sudoku/exports.js:    var benchmark = n
            |  
            |  
            |  
            |  
            |  
            |  
            | -[grep] d92a308941e6ccb79cb02f96417cab7b67b998c2:project/Build.scala - line  100%
            | +
            | +
            | +
            | +[grep] 1 of 5
            | [FAIL] grep-split.screen not found
      TEST  test/grep/start-on-line-test
            | Failed 1 out of 1 test(s)
            | [FAIL] position.screen != expected/position.screen
            | diff --git a/expected/position.screen b/position.screen
            | index fa42b04..3ade903 100644
            | --- a/expected/position.screen
            | +++ b/position.screen
            | @@ -1,29 +1,29 @@
            | -527| class Planner {
            | -697| class Plan {
            | -richards/src/main/scala/org/scalajs/benchmark/richards/Richards.scala
            | -124| class Scheduler {
            | -252| class TaskControlBlock(val link: TaskControlBlock, val id: Int, val priority: Int, var queue: P
            | -316| sealed abstract class Task(scheduler: Scheduler) {
            | -327| case class IdleTask(scheduler: Scheduler, var v1: Int, var count: Int) extends Task(scheduler)
            | -348| case class DeviceTask(scheduler: Scheduler) extends Task(scheduler) {
            | -371| case class WorkerTask(scheduler: Scheduler, var v1: Int, var v2: Int) extends Task(scheduler) {
            | -397| case class HandlerTask(scheduler: Scheduler) extends Task(scheduler) {
            | -444| case class Packet(var link: Packet, var id: Int, val kind: Int) {
            | -tracer/src/main/scala/org/scalajs/benchmark/tracer/Color.scala
            | - 19| class Color(val red: Double, val green: Double, val blue: Double) {
            | -tracer/src/main/scala/org/scalajs/benchmark/tracer/Engine.scala
            | - 22| case class EngineConfiguration(
            | - 37| class Engine(val config: EngineConfiguration) {
            | -tracer/src/main/scala/org/scalajs/benchmark/tracer/Material.scala
            | - 22| abstract class Material(val reflection: Double, val transparency: Double, val gloss: Double) {
            | - 28| class Chessboard(colorEven: Color, colorOdd: Color,
            | - 58| class Solid(color: Color, reflection: Double, refraction: Double, transparency: Double, gloss:
            | -tracer/src/main/scala/org/scalajs/benchmark/tracer/RenderScene.scala
            | - 22| class RenderScene extends Scene {
            | -tracer/src/main/scala/org/scalajs/benchmark/tracer/Scene.scala
            | - 19| class Ray(val position: Vector, val direction: Vector) {
            | - 23| class Camera(val position: Vector, val lookAt: Vector, val up: Vector) {
            | - 37| class Background(val color: Color, val ambience: Double)
            | - 39| class Light(val position: Vector, val color: Color, val intensity: Double = 10.0)
            | - 41| abstract class Scene {
            | -[grep] tracer/src/main/scala/org/scalajs/benchmark/tracer/Engine.scala - line 42 of 62           88%
            | +deltablue/src/main/scala/org/scalajs/benchmark/deltablue/DeltaBlue.scala:abstract class UnaryConstra
            | +deltablue/src/main/scala/org/scalajs/benchmark/deltablue/DeltaBlue.scala:class StayConstraint(v: Var
            | +deltablue/src/main/scala/org/scalajs/benchmark/deltablue/DeltaBlue.scala:class EditConstraint(v: Var
            | +deltablue/src/main/scala/org/scalajs/benchmark/deltablue/DeltaBlue.scala: * Abstract superclass for 
            | +deltablue/src/main/scala/org/scalajs/benchmark/deltablue/DeltaBlue.scala:abstract class BinaryConstr
            | +deltablue/src/main/scala/org/scalajs/benchmark/deltablue/DeltaBlue.scala:class ScaleConstraint(v1: V
            | +deltablue/src/main/scala/org/scalajs/benchmark/deltablue/DeltaBlue.scala:class EqualityConstraint(v1
            | +deltablue/src/main/scala/org/scalajs/benchmark/deltablue/DeltaBlue.scala:class Variable(val name: St
            | +deltablue/src/main/scala/org/scalajs/benchmark/deltablue/DeltaBlue.scala:class Planner {
            | +deltablue/src/main/scala/org/scalajs/benchmark/deltablue/DeltaBlue.scala:class Plan {
            | +richards/src/main/scala/org/scalajs/benchmark/richards/Richards.scala:class Scheduler {
            | +richards/src/main/scala/org/scalajs/benchmark/richards/Richards.scala:class TaskControlBlock(val lin
            | +richards/src/main/scala/org/scalajs/benchmark/richards/Richards.scala:sealed abstract class Task(sch
            | +richards/src/main/scala/org/scalajs/benchmark/richards/Richards.scala:case class IdleTask(scheduler:
            | +richards/src/main/scala/org/scalajs/benchmark/richards/Richards.scala:case class DeviceTask(schedule
            | +richards/src/main/scala/org/scalajs/benchmark/richards/Richards.scala:case class WorkerTask(schedule
            | +richards/src/main/scala/org/scalajs/benchmark/richards/Richards.scala:case class HandlerTask(schedul
            | +richards/src/main/scala/org/scalajs/benchmark/richards/Richards.scala:case class Packet(var link: Pa
            | +tracer/src/main/scala/org/scalajs/benchmark/tracer/Color.scala:class Color(val red: Double, val gree
            | +tracer/src/main/scala/org/scalajs/benchmark/tracer/Engine.scala:case class EngineConfiguration(
            | +tracer/src/main/scala/org/scalajs/benchmark/tracer/Engine.scala:class Engine(val config: EngineConfi
            | +tracer/src/main/scala/org/scalajs/benchmark/tracer/Material.scala:abstract class Material(val reflec
            | +tracer/src/main/scala/org/scalajs/benchmark/tracer/Material.scala:class Chessboard(colorEven: Color,
            | +tracer/src/main/scala/org/scalajs/benchmark/tracer/Material.scala:class Solid(color: Color, reflecti
            | +tracer/src/main/scala/org/scalajs/benchmark/tracer/RenderScene.scala:class RenderScene extends Scene
            | +tracer/src/main/scala/org/scalajs/benchmark/tracer/Scene.scala:class Ray(val position: Vector, val d
            | +tracer/src/main/scala/org/scalajs/benchmark/tracer/Scene.scala:class Camera(val position: Vector, va
            | +tracer/src/main/scala/org/scalajs/benchmark/tracer/Scene.scala:class Background(val color: Color, va
            | +[grep] 42 of 49
      TEST  test/help/all-keybindings-test
            | Failed 2 out of 2 test(s)
            | [stderr] tig: Not implemented in Rust yet: 2
            | [FAIL] unexpected status code: 1 (should be 0)
            | [FAIL] help-default.screen not found
      TEST  test/help/default-test
            | Failed 4 out of 4 test(s)
            | [stderr] tig: Not implemented in Rust yet: /View manipulation
            | [FAIL] unexpected status code: 1 (should be 0)
            | [FAIL] help-default.screen != expected/help-default.screen
            | diff --git a/expected/help-default.screen b/help-default.screen
            | index 4268f57..5fbb636 100644
            | --- a/expected/help-default.screen
            | +++ b/help-default.screen
            | @@ -1,29 +1,29 @@
            | -Quick reference for tig keybindings:
            | -[-] Collapse all sections
            | -
            | -[-] generic bindings
            | -View switching
            | -                           m view-main           Show main view
            | -                           d view-diff           Show diff view
            | -                           l view-log            Show log view
            | -                           L view-reflog         Show reflog view
            | -                           t view-tree           Show tree view
            | -                           f view-blob           Show blob view
            | -                           b view-blame          Show blame view
            | -                           r view-refs           Show refs view
            | -                        s, S view-status         Show status view
            | -                           c view-stage          Show stage view
            | -                           y view-stash          Show stash view
            | -                           g view-grep           Show grep view
            | -                           p view-pager          Show pager view
            | -                           h view-help           Show help view
            | -View manipulation
            | -                     <Enter> enter               Enter and open selected line
            | -                           < back                Go back to the previous view state
            | -         <Down>, <Ctrl-N>, J next                Move to next
            | -           <Up>, <Ctrl-P>, K previous            Move to previous
            | -                         ',' parent              Move to parent
            | -                       <Tab> view-next           Move focus to the next view
            | -                     R, <F5> refresh             Reload and refresh view
            | -                           O maximize            Maximize the current view
            | -[help] - line 1 of 109                                                                           25%
            | +Tig Rust migration (compatibility work in progress)
            | +
            | +Usage: tig [-C path] [log|show|reflog|blame|grep|refs|stash|status] [arguments]
            | +       git show | tig
            | +
            | +Keys: j/k move, Enter open, q back/quit, Q quit, / search, n next match
            | +      m history, d diff, s status, t tree, r refs, b blame, h help, R refresh
            | +      u stage/unstage selected file in status; horizontal arrows scroll
            | +
            | +This version is not yet a drop-in replacement for upstream Tig. See MIGRATION.md.
            | +
            | +
            | +
            | +
            | +
            | +
            | +
            | +
            | +
            | +
            | +
            | +
            | +
            | +
            | +
            | +
            | +
            | +
            | +[help] 1 of 10
            | [FAIL] help-search.screen not found
            | [FAIL] help-collapsed.screen not found
      TEST  test/help/user-command-test
            | Failed 2 out of 2 test(s)
            | [stderr] tig: Not implemented in Rust yet: ?toggle author<Enter>
            | [FAIL] unexpected status code: 1 (should be 0)
            | [FAIL] default.screen not found
      TEST  test/log/diff-stat-test
            | Failed 3 out of 3 test(s)
            | [stderr] tig: Unsupported view: next
            | [FAIL] unexpected status code: 1 (should be 0)
            | [FAIL] diff-stat.screen != expected/diff-stat.screen
            | diff --git a/expected/diff-stat.screen b/diff-stat.screen
            | index 4ff3376..8829153 100644
            | --- a/expected/diff-stat.screen
            | +++ b/diff-stat.screen
            | @@ -1,29 +1,29 @@
            | -commit ee912870202200a0b9cf4fd86ba57243212d341e                                            |commit ee912870202200a0b9cf4fd86ba57243212d341e
            | -Refs: [master]                                                                             |Refs: [master]
            | -Author: Jonas Fonseca <jonas.fonseca@gmail.com>                                            |Author:     Jonas Fonseca <jonas.fonseca@gmail.com>
            | -Date:   Sat Mar 1 17:26:01 2014 -0500                                                      |AuthorDate: Sat Mar 1 17:26:01 2014 -0500
            | -                                                                                           |Commit:     Jonas Fonseca <jonas.fonseca@gmail.com>
            | -    WIP: Upgrade to 0.4-SNAPSHOT and DCE                                                   |CommitDate: Sat Mar 1 17:26:01 2014 -0500
            | -                                                                                           |
            | - common/benchmark-runner.sh                                             |  5 +++--         |    WIP: Upgrade to 0.4-SNAPSHOT and DCE
            | - common/src/main/scala/org/scalajs/benchmark/Benchmark.scala            | 11 +++++------   |---
            | - common/src/main/scala/org/scalajs/benchmark/BenchmarkApp.scala         |  2 +-            | common/benchmark-runner.sh                                           |  5 +++--
            | - common/start-benchmark.js                                              |  9 +++++++--     | common/src/main/scala/org/scalajs/benchmark/Benchmark.scala          | 11 +++++------
            | - deltablue/exports.js                                                   | 13 ------------- | common/src/main/scala/org/scalajs/benchmark/BenchmarkApp.scala       |  2 +-
            | - .../src/main/scala/org/scalajs/benchmark/deltablue/DeltaBlue.scala     |  7 +++++++       | common/start-benchmark.js                                            |  9 +++++++--
            | - project/Build.scala                                                    | 13 ++++--------- | deltablue/exports.js                                                 | 13 -------------
            | - project/build.sbt                                                      |  5 ++++-         | .../src/main/scala/org/scalajs/benchmark/deltablue/DeltaBlue.scala   |  7 +++++++
            | - richards/exports.js                                                    | 13 ------------- | project/Build.scala                                                  | 13 ++++---------
            | - richards/src/main/scala/org/scalajs/benchmark/richards/Richards.scala  |  3 +++           | project/build.sbt                                                    |  5 ++++-
            | - run.sh                                                                 |  2 +-            | richards/exports.js                                                  | 13 -------------
            | - sudoku/exports.js                                                      | 13 ------------- | .../src/main/scala/org/scalajs/benchmark/richards/Richards.scala     |  3 +++
            | - sudoku/src/main/scala/org/scalajs/benchmark/sudoku/Sudoku.scala        |  2 ++            | run.sh                                                               |  2 +-
            | - tracer/exports.js                                                      | 13 ------------- | sudoku/exports.js                                                    | 13 -------------
            | - tracer/index-dev.html                                                  |  2 +-            | sudoku/src/main/scala/org/scalajs/benchmark/sudoku/Sudoku.scala      |  2 ++
            | - tracer/index.html                                                      |  2 +-            | tracer/exports.js                                                    | 13 -------------
            | - tracer/src/main/scala/org/scalajs/benchmark/tracer/Tracer.scala        |  3 +++           | tracer/index-dev.html                                                |  2 +-
            | - 17 files changed, 42 insertions(+), 76 deletions(-)                                       | tracer/index.html                                                    |  2 +-
            | -                                                                                           | tracer/src/main/scala/org/scalajs/benchmark/tracer/Tracer.scala      |  3 +++
            | -commit a1dcf1aaa11470978db1d5d8bcf9e16201eb70ff                                            | 17 files changed, 42 insertions(+), 76 deletions(-)
            | -Author: Jonas Fonseca <jonas.fonseca@gmail.com>                                            |
            | -[log] ee912870202200a0b9cf4fd86ba57243212d341e - line 1 of 668                           4%|[diff] ee912870202200a0b9cf4fd86ba57243212d341e - line 1 of 367                        7%
            | +commit ee912870202200a0b9cf4fd86ba57243212d341e
            | +Author: Jonas Fonseca <jonas.fonseca@gmail.com>
            | +Date:   Sat Mar 1 17:26:01 2014 -0500
            | +
            | +    WIP: Upgrade to 0.4-SNAPSHOT and DCE
            | +
            | +commit a1dcf1aaa11470978db1d5d8bcf9e16201eb70ff
            | +Author: Jonas Fonseca <jonas.fonseca@gmail.com>
            | +Date:   Sat Mar 1 15:59:02 2014 -0500
            | +
            | +    Add type parameter for js.Dynamic
            | +
            | +commit 296fc90ba2c47ba3d2b6ab8e984ea3a82bb4cd6e
            | +Author: Jonas Fonseca <jonas.fonseca@gmail.com>
            | +Date:   Thu Jan 16 22:51:27 2014 -0500
            | +
            | +    Move classes under org.scalajs.benchmark package scope
            | +
            | +commit b4ad81f17b4c3fc33ed580097f94c9ca3af9d7e8
            | +Author: Jonas Fonseca <jonas.fonseca@gmail.com>
            | +Date:   Thu Jan 16 17:43:16 2014 -0500
            | +
            | +    Bump Scala.js version to 0.3-SNAPSHOT
            | +
            | +commit 4a68cf3c338f5724d838c3b6e5d989d5fd1c1150
            | +Author: Jonas Fonseca <jonas.fonseca@gmail.com>
            | +Date:   Thu Jan 16 17:39:49 2014 -0500
            | +
            | +[log] 1 of 348
            | [FAIL] diff-stat-after-refresh.screen not found
      TEST  test/log/log-graph-test
            | Failed 1 out of 1 test(s)
            | [FAIL] log-graph.screen != expected/log-graph.screen
            | diff --git a/expected/log-graph.screen b/log-graph.screen
            | index 1568a56..3875059 100644
            | --- a/expected/log-graph.screen
            | +++ b/log-graph.screen
            | @@ -7,18 +7,12 @@
            |  | |     
            |  | |     Fix link to Dart benchmark harness
            |  | | 
            | -| |  README.md | 2 +-
            | -| |  1 file changed, 1 insertion(+), 1 deletion(-)
            | -| |
            |  | * commit 940efafc379db7c6df99449d6c4da98c6a2b3d07
            |  |/  Author: Philipp Haller <hallerp@gmail.com>
            |  |   Date:   Thu Jan 16 15:32:52 2014 +0100
            |  |   
            |  |       Fix link to Dart benchmark harness
            |  | 
            | -|    README.md | 2 +-
            | -|    1 file changed, 1 insertion(+), 1 deletion(-)
            | -|
            |  * commit 110e090f815f40d649f5432172584057b550a160
            |  | Author: Jonas Fonseca <jonas.fonseca@gmail.com>
            |  | Date:   Tue Dec 17 00:02:15 2013 +0100
            | @@ -26,4 +20,10 @@
            |  |     Update links to reflect project name change
            |  |     
            |  |     scalajs-benchmarks -> scala-js-benchmarks
            | -[log] e59a941c4e7d51cd172ee2767a031f5f3fd25d05 - line 1 of 559                5%
            | +| 
            | +* commit 894a53e03a017642abdc4663c926ca329ea28916
            | +| Author: Jonas Fonseca <jonas.fonseca@gmail.com>
            | +| Date:   Tue Dec 3 23:35:45 2013 -0500
            | +| 
            | +|     Use Scala.js 0.2-SNAPSHOT
            | +[log] 1 of 318
      TEST  test/log/pretty-format-test
            | Failed 5 out of 5 test(s)
            | [stderr] tig: Not implemented in Rust yet: toggle log-options --pretty=raw
            | [FAIL] unexpected status code: 1 (should be 0)
            | [FAIL] log-pretty-format-override.screen != expected/log-pretty-format-override.screen
            | diff --git a/expected/log-pretty-format-override.screen b/log-pretty-format-override.screen
            | index 6ff0727..79a0109 100644
            | --- a/expected/log-pretty-format-override.screen
            | +++ b/log-pretty-format-override.screen
            | @@ -1,19 +1,19 @@
            | -commit 5cb3412a5e06e506840495b91acc885037a48b72
            | -Refs: [master], {origin/master}, {origin/HEAD}
            | -Author: Max Power <power123@example.org>
            | -Date:   2010-04-07
            | -
            | -    Commit 10 E
            | -
            | -commit 2843bfd58b98c7e23ab91e51ffa4db4f8e27c9a4
            | -Author: Jørgen Thygesen Brahe <brache@example.dk>
            | -Date:   2010-03-29
            | -
            | -    Commit 10 D
            | -
            | -commit 8d53d6a41f8540749c0db5d0b53e48d2f178dce4
            | -Author: 作者 <zuozhea@example.ch>
            | -Date:   2010-03-21
            | -
            | -    Commit 10 C
            | -[log] 5cb3412a5e06e506840495b91acc885037a48b72 - line 1 of 301                5%
            | +'5cb3412a5e06e506840495b91acc885037a48b72 - (16 years ago) Commit 10 E - Max Pow
            | +'2843bfd58b98c7e23ab91e51ffa4db4f8e27c9a4 - (17 years ago) Commit 10 D - Jørgen 
            | +'8d53d6a41f8540749c0db5d0b53e48d2f178dce4 - (17 years ago) Commit 10 C - 作者'
            | +'51b758035f2bbd1cab731e1d34d8fc8eea375d47 - (17 years ago) Commit 10 B - René Lé
            | +'19455fa3642af6a6a7d527dd043caf5a70eaad2d - (17 years ago) Commit 10 A - A. U. T
            | +'276c3a4a8d902e87c01a36fad25e374cda1eb857 - (17 years ago) Commit 9 E - Max Powe
            | +'5633519083f21695dda4fe1f546272abb80668cd - (17 years ago) Commit 9 D - Jørgen T
            | +'711615619913109be8fd85f2c378839acaa6db11 - (17 years ago) Commit 9 C - 作者'
            | +'99278700109ac9fe4a80bbc1e5b26769e3614f1b - (17 years ago) Commit 9 B - René Lév
            | +'a3f25ca556c1cef1ef3a0704f5deaec8687c84b9 - (17 years ago) Commit 9 A - A. U. Th
            | +'d9a8c8b1e52ba7f1673cebb271f1fc0bdac3579b - (17 years ago) Commit 8 E - Max Powe
            | +'545eb1fa92b902b6799e2a1691419c3158254a0a - (17 years ago) Commit 8 D - Jørgen T
            | +'b45b5704c34dbd4c5fd89d58d45238ad136ae166 - (17 years ago) Commit 8 C - 作者'
            | +'957f2b368e6fa5c0757f36b1441e32729ee5e9c7 - (17 years ago) Commit 8 B - René Lév
            | +'bb547b114762a30235cee10ca364edcef8c2595c - (17 years ago) Commit 8 A - A. U. Th
            | +'aabf230cd51e4e3cf46ea131353aeafffe80a941 - (17 years ago) Commit 7 E - Max Powe
            | +'e2a0a1c278f898404f90836f6c948ccac6482858 - (17 years ago) Commit 7 D - Jørgen T
            | +'3bb2f18524f497bd7006274993493a229499964b - (17 years ago) Commit 7 C - 作者'
            | +[log] 1 of 50
            | [FAIL] log-pretty-raw.screen not found
            | [FAIL] log-pretty-full.screen not found
            | [FAIL] log-pretty-fuller.screen not found
      TEST  test/log/start-on-line-test
            | Failed 1 out of 1 test(s)
            | [FAIL] position.screen != expected/position.screen
            | diff --git a/expected/position.screen b/position.screen
            | index 4f65072..175081e 100644
            | --- a/expected/position.screen
            | +++ b/position.screen
            | @@ -1,29 +1,29 @@
            | +Date:   Thu Jan 16 22:51:27 2014 -0500
            | +
            | +    Move classes under org.scalajs.benchmark package scope
            | +
            | +commit b4ad81f17b4c3fc33ed580097f94c9ca3af9d7e8
            |  Author: Jonas Fonseca <jonas.fonseca@gmail.com>
            | -Date:   Sat Mar 1 15:59:02 2014 -0500
            | +Date:   Thu Jan 16 17:43:16 2014 -0500
            |  
            | -    Add type parameter for js.Dynamic
            | +    Bump Scala.js version to 0.3-SNAPSHOT
            |  
            | - common/src/main/scala/org/scalajs/benchmark/Benchmark.scala | 2 +-
            | - 1 file changed, 1 insertion(+), 1 deletion(-)
            | +commit 4a68cf3c338f5724d838c3b6e5d989d5fd1c1150
            | +Author: Jonas Fonseca <jonas.fonseca@gmail.com>
            | +Date:   Thu Jan 16 17:39:49 2014 -0500
            |  
            | -commit 296fc90ba2c47ba3d2b6ab8e984ea3a82bb4cd6e
            | +    Integrate app code into the benchmark infrastructure
            | +
            | +commit e59a941c4e7d51cd172ee2767a031f5f3fd25d05
            | +Merge: 110e090 940efaf
            |  Author: Jonas Fonseca <jonas.fonseca@gmail.com>
            | -Date:   Thu Jan 16 22:51:27 2014 -0500
            | +Date:   Thu Jan 16 07:47:58 2014 -0800
            |  
            | -    Move classes under org.scalajs.benchmark package scope
            | +    Merge pull request #4 from phaller/patch-1
            | +    
            | +    Fix link to Dart benchmark harness
            |  
            | - common/Benchmark.scala                             | 110 ----
            | - common/BenchmarkApp.scala                          |  47 --
            | - common/DOMTypes.scala                              |  49 --
            | - .../scala/org/scalajs/benchmark/Benchmark.scala    | 110 ++++
            | - .../scala/org/scalajs/benchmark/BenchmarkApp.scala |  46 ++
            | - .../scala/org/scalajs/benchmark/dom/DOMTypes.scala |  49 ++
            | - deltablue/DeltaBlue.scala                          | 704 ---------------------
            | - deltablue/exports.js                               |   2 +-
            | - .../scalajs/benchmark/deltablue/DeltaBlue.scala    | 704 +++++++++++++++++++++
            | - richards/Richards.scala                            | 460 --------------
            | - richards/exports.js                                |   2 +-
            | - .../org/scalajs/benchmark/richards/Richards.scala  | 460 ++++++++++++++
            | - sudoku/Sudoku.scala                                | 197 ------
            | - sudoku/exports.js                                  |   2 +-
            | -[log] 296fc90ba2c47ba3d2b6ab8e984ea3a82bb4cd6e - line 42 of 668               8%
            | +commit 940efafc379db7c6df99449d6c4da98c6a2b3d07
            | +Author: Philipp Haller <hallerp@gmail.com>
            | +Date:   Thu Jan 16 15:32:52 2014 +0100
            | +[log] 42 of 348
      TEST  test/log/submodule-test
            | Failed 3 out of 3 test(s)
            | [stderr] tig: HOME/.tigrc:1: Invalid value for vertical-split: no
            | [stderr] tig: Not implemented in Rust yet: toggle log-options --cc --stat --submodule -p
            | [FAIL] unexpected status code: 1 (should be 0)
            | [FAIL] log-submodule.screen != expected/log-submodule.screen
            | diff --git a/expected/log-submodule.screen b/log-submodule.screen
            | index 3c5665b..0e14a97 100644
            | --- a/expected/log-submodule.screen
            | +++ b/log-submodule.screen
            | @@ -1,46 +1,46 @@
            |  commit feeb2dfd5e09e887e4b6c901e7d91a4c85a7831d
            | -Refs: [master], {origin/master}, {origin/HEAD}
            |  Author: A. U. Thor <a.u.thor@example.com>
            |  Date:   Sun Sep 6 08:23:30 2009 +0000
            |  
            |      [repo-two] Integrate feature from repo-two-a, repo-two-b, repo-two-c
            |  
            | - repo-two-a | 2 +-
            | - repo-two-b | 2 +-
            | - repo-two-c | 2 +-
            | - 3 files changed, 3 insertions(+), 3 deletions(-)
            | -
            |  commit 7f9d74d1b554e99059334799f56b1307f9c324d4
            |  Author: A. U. Thor <a.u.thor@example.com>
            |  Date:   Mon Aug 3 06:54:50 2009 +0000
            |  
            |      [repo-two] Integrate feature from repo-two-b
            |  
            | - repo-two-b | 2 +-
            | - 1 file changed, 1 insertion(+), 1 deletion(-)
            | -
            |  commit 2bbde7f66edbac9b45b86ad75e6b1e8e02970a67
            |  Author: A. U. Thor <a.u.thor@example.com>
            |  Date:   Wed Jul 8 17:48:20 2009 +0000
            |  
            |      [repo-two] Integrate feature from repo-two-a, repo-two-c
            |  
            | - repo-two-a | 2 +-
            | - repo-two-c | 2 +-
            | - 2 files changed, 2 insertions(+), 2 deletions(-)
            | -
            |  commit 3a2603a2ea55ef06860f8d8ec33ee10d95d08117
            |  Author: A. U. Thor <a.u.thor@example.com>
            |  Date:   Wed May 27 03:57:30 2009 +0000
            |  
            |      [repo-two] Creating repository
            |  
            | - .gitmodules | 9 +++++++++
            | - repo-two-a  | 1 +
            | - repo-two-b  | 1 +
            | - repo-two-c  | 1 +
            | - 4 files changed, 12 insertions(+)
            | -
            |  commit 9bb0f0da3dd2dec58efa5d8fa9d2b1f4768504e9
            |  Author: A. U. Thor <a.u.thor@example.com>
            | -[log] feeb2dfd5e09e887e4b6c901e7d91a4c85a7831d - line 1 of 69                65%
            | +Date:   Tue Mar 3 00:15:50 2009 +0000
            | +
            | +    [repo-two] Commit 2
            | +
            | +commit 4f3cb50cfe4391ca2eab9a45db4e1ba60593686c
            | +Author: A. U. Thor <a.u.thor@example.com>
            | +Date:   Sun Feb 22 11:53:40 2009 +0000
            | +
            | +    [repo-two] Commit 1
            | +
            | +commit a9db5c5942e16d356c5c12ffaca4d9886d580ab9
            | +Author: A. U. Thor <a.u.thor@example.com>
            | +Date:   Fri Feb 13 23:31:30 2009 +0000
            | +
            | +    [repo-two] Commit 0
            | +
            | +
            | +
            | +
            | +[log] 1 of 41
            | [FAIL] log-submodule-diff.screen not found
      TEST  test/main/all-arg-test
<workspace>/work/tig-build/test/tools/libtest.sh: line 403: vars: No such file or directory
            | Failed 2 out of 2 test(s)
            | [stderr] tig: Not implemented in Rust yet: set line-graphics = ascii
            | [FAIL] unexpected status code: 1 (should be 0)
            | [FAIL] vars_assert_count != expected/vars_assert_count
            | diff --git a/expected/vars_assert_count b/vars_assert_count
            | index e69de29..d00491f 100644
            | --- a/expected/vars_assert_count
            | +++ b/vars_assert_count
            | @@ -0,0 +1 @@
            | +1
make: *** [test/main/all-arg-test] Error 1
      TEST  test/main/author-name-change-test
            | Failed 1 out of 1 test(s)
            | [stderr] tig: HOME/.tigrc:1: Invalid value for vertical-split: no
            | [FAIL] main-default.screen != expected/main-default.screen
            | diff --git a/expected/main-default.screen b/main-default.screen
            | index 52185c1..5261c40 100644
            | --- a/expected/main-default.screen
            | +++ b/main-default.screen
            | @@ -1,4 +1,4 @@
            | -2016-11-28 23:13 -0500 Mr. Hyde   o [master] Commit 2
            | -2016-11-28 23:13 -0500 Dr. Jekyll I Commit 1
            | +2016-11-28T23:13:38-05:00 Mr. Hyde           ∙ [HEAD -> master] Commit 2
            | +2016-11-28T23:13:06-05:00 Dr. Jekyll         ◎ Commit 1
            |  
            | -[main] 15c9cec4c9a64c560391c7e0bfb0913b908f9287 - commit 1 of 2             100%
            | +[main] 1 of 2
      TEST  test/main/boundary-test
            | Failed 2 out of 2 test(s)
            | [stderr] tig: Unsupported history option --boundary: only revision, filtering, ordering and path options are allowed
            | [FAIL] unexpected status code: 1 (should be 0)
            | [FAIL] merge-view.screen not found
      TEST  test/main/branch-var-test
<workspace>/work/tig-build/test/tools/libtest.sh: line 403: vars: No such file or directory
            | Failed 2 out of 2 test(s)
            | [stderr] tig: Not implemented in Rust yet: /mp/feature
            | [FAIL] unexpected status code: 1 (should be 0)
            | [FAIL] vars_assert_count != expected/vars_assert_count
            | diff --git a/expected/vars_assert_count b/vars_assert_count
            | index e69de29..b8626c4 100644
            | --- a/expected/vars_assert_count
            | +++ b/vars_assert_count
            | @@ -0,0 +1 @@
            | +4
make: *** [test/main/branch-var-test] Error 1
      TEST  test/main/commit-order-edge-case-test
            | Failed 3 out of 3 test(s)
            | [stderr] tig: Not implemented in Rust yet: set commit-order = date
            | [FAIL] unexpected status code: 1 (should be 0)
            | [FAIL] ensure-topo-order-with-graph.screen != expected/ensure-topo-order-with-graph.screen
            | diff --git a/expected/ensure-topo-order-with-graph.screen b/ensure-topo-order-with-graph.screen
            | index d337789..743c5be 100644
            | --- a/expected/ensure-topo-order-with-graph.screen
            | +++ b/ensure-topo-order-with-graph.screen
            | @@ -1,9 +1,9 @@
            | -2014-02-01 22:36 -0600 Benjamin Bergman ●─╮ Merge branch 'feature_branch'
            | -2014-02-01 22:35 -0600 Benjamin Bergman │ ∙ More featuresA
            | -2014-02-01 22:36 -0600 Benjamin Bergman ∙ │ More master
            | -2014-02-01 22:21 -0600 Benjamin Bergman ●─│─╮ Merge branch 'feature_branch'
            | -2014-02-01 23:00 -0600 Benjamin Bergman │ ∙─╯ Add feature
            | -2014-02-01 22:21 -0600 Benjamin Bergman ∙ │ Add to master
            | -2014-02-01 22:18 -0600 Benjamin Bergman ◎─╯ init
            | +2014-02-01T22:36:33-06:00 Benjamin Bergman   ●─╮ [HEAD -> master, origin/master,
            | +2014-02-01T22:35:54-06:00 Benjamin Bergman   │ ∙ More featuresA
            | +2014-02-01T22:36:22-06:00 Benjamin Bergman   ∙ │ More master
            | +2014-02-01T22:21:19-06:00 Benjamin Bergman   ●─│─╮ Merge branch 'feature_branch'
            | +2014-02-01T23:00:00-06:00 Benjamin Bergman   │ ∙─╯ Add feature
            | +2014-02-01T22:21:12-06:00 Benjamin Bergman   ∙ │ Add to master
            | +2014-02-01T22:18:50-06:00 Benjamin Bergman   ◎─╯ init
            |  
            | -[main] 324309341617186ec7f9bf2f9b504a956b9c382a - commit 1 of 7             100%
            | +[main] 1 of 7
            | [FAIL] graph-supports-date-order.screen not found
      TEST  test/main/commit-title-overflow-test
            | Failed 1 out of 1 test(s)
            | [stderr] tig: HOME/.tigrc:1: Invalid value for vertical-split: no
            | [FAIL] main-commit-titles.screen != expected/main-commit-titles.screen
            | diff --git a/expected/main-commit-titles.screen b/main-commit-titles.screen
            | index c255b64..a900264 100644
            | --- a/expected/main-commit-titles.screen
            | +++ b/main-commit-titles.screen
            | @@ -1,50 +1,50 @@
            | -__________________________________________[ Variation 7 ]
            | -者者者者者者作者  : #6 - non-ASCII prefix
            | -ååååååæøå  : #5 - non-ASCII prefix
            | ->者者者者者作者  : #4 - mixed prefix
            | ->åååååæøå  : #3 - mixed prefix
            | -....|.作者  : #2 - ASCII prefix
            | -....|.æøå  : #1 - ASCII prefix
            | -__________________________________________[ Variation 6 ]
            | -者者者者者作者  : #6 - non-ASCII prefix
            | -åååååæøå  : #5 - non-ASCII prefix
            | ->者者者者作者  : #4 - mixed prefix
            | ->ååååæøå  : #3 - mixed prefix
            | -....|作者  : #2 - ASCII prefix
            | -....|æøå  : #1 - ASCII prefix
            | -__________________________________________[ Variation 5 ]
            | -者者者者作者  : #6 - non-ASCII prefix
            | -ååååæøå  : #5 - non-ASCII prefix
            | ->者者者作者  : #4 - mixed prefix
            | ->åååæøå  : #3 - mixed prefix
            | -....作者  : #2 - ASCII prefix
            | -....æøå  : #1 - ASCII prefix
            | -__________________________________________[ Variation 4 ]
            | -者者者作者  : #6 - non-ASCII prefix
            | -åååæøå  : #5 - non-ASCII prefix
            | ->者者作者  : #4 - mixed prefix
            | ->ååæøå  : #3 - mixed prefix
            | -...作者  : #2 - ASCII prefix
            | -...æøå  : #1 - ASCII prefix
            | -__________________________________________[ Variation 3 ]
            | -者者作者  : #6 - non-ASCII prefix
            | -ååæøå  : #5 - non-ASCII prefix
            | ->者作者  : #4 - mixed prefix
            | ->åæøå  : #3 - mixed prefix
            | -..作者  : #2 - ASCII prefix
            | -..æøå  : #1 - ASCII prefix
            | -__________________________________________[ Variation 2 ]
            | -者作者  : #6 - non-ASCII prefix
            | -åæøå  : #5 - non-ASCII prefix
            | ->作者  : #4 - mixed prefix
            | ->æøå  : #3 - mixed prefix
            | -.作者  : #2 - ASCII prefix
            | -.æøå  : #1 - ASCII prefix
            | -__________________________________________[ Variation 1 ]
            | -作者  : #6 - non-ASCII prefix
            | -æøå  : #5 - non-ASCII prefix
            | -作者  : #4 - mixed prefix
            | -æøå  : #3 - mixed prefix
            | -作者  : #2 - ASCII prefix
            | -æøå  : #1 - ASCII prefix
            | -[main] 2c360aa85544dd96eb1c4be5234c06c192f9a895 - commit 1 of 49            100%
            | +2010-03-29T17:15:30Z Committer          ∙ [HEAD -> master] _____________________
            | +2010-03-21T04:53:20Z Committer          ∙ 者者者者者者作者              : #6 - n
            | +2010-03-12T16:31:10Z Committer          ∙ ååååååæøå             : #5 - non-ASCII
            | +2010-03-04T04:09:00Z Committer          ∙ >者者者者者作者               : #4 - m
            | +2010-02-23T15:46:50Z Committer          ∙ >åååååæøå             : #3 - mixed pre
            | +2010-02-15T03:24:40Z Committer          ∙ ....|.作者            : #2 - ASCII pre
            | +2010-02-06T15:02:30Z Committer          ∙ ....|.æøå             : #1 - ASCII pre
            | +2010-01-29T02:40:20Z Committer          ∙ ______________________________________
            | +2010-01-20T14:18:10Z Committer          ∙ 者者者者者作者                : #6 - n
            | +2010-01-12T01:56:00Z Committer          ∙ åååååæøå              : #5 - non-ASCII
            | +2010-01-03T13:33:50Z Committer          ∙ >者者者者作者         : #4 - mixed pre
            | +2009-12-26T01:11:40Z Committer          ∙ >ååååæøå              : #3 - mixed pre
            | +2009-12-17T12:49:30Z Committer          ∙ ....|作者             : #2 - ASCII pre
            | +2009-12-09T00:27:20Z Committer          ∙ ....|æøå              : #1 - ASCII pre
            | +2009-11-30T12:05:10Z Committer          ∙ ______________________________________
            | +2009-11-21T23:43:00Z Committer          ∙ 者者者者作者          : #6 - non-ASCII
            | +2009-11-13T11:20:50Z Committer          ∙ ååååæøå               : #5 - non-ASCII
            | +2009-11-04T22:58:40Z Committer          ∙ >者者者作者           : #4 - mixed pre
            | +2009-10-27T10:36:30Z Committer          ∙ >åååæøå               : #3 - mixed pre
            | +2009-10-18T22:14:20Z Committer          ∙ ....作者              : #2 - ASCII pre
            | +2009-10-10T09:52:10Z Committer          ∙ ....æøå               : #1 - ASCII pre
            | +2009-10-01T21:30:00Z Committer          ∙ ______________________________________
            | +2009-09-23T09:07:50Z Committer          ∙ 者者者作者            : #6 - non-ASCII
            | +2009-09-14T20:45:40Z Committer          ∙ åååæøå                : #5 - non-ASCII
            | +2009-09-06T08:23:30Z Committer          ∙ >者者作者             : #4 - mixed pre
            | +2009-08-28T20:01:20Z Committer          ∙ >ååæøå                : #3 - mixed pre
            | +2009-08-20T07:39:10Z Committer          ∙ ...作者               : #2 - ASCII pre
            | +2009-08-11T19:17:00Z Committer          ∙ ...æøå                : #1 - ASCII pre
            | +2009-08-03T06:54:50Z Committer          ∙ ______________________________________
            | +2009-07-25T18:32:40Z Committer          ∙ 者者作者              : #6 - non-ASCII
            | +2009-07-17T06:10:30Z Committer          ∙ ååæøå         : #5 - non-ASCII prefix
            | +2009-07-08T17:48:20Z Committer          ∙ >者作者               : #4 - mixed pre
            | +2009-06-30T05:26:10Z Committer          ∙ >åæøå         : #3 - mixed prefix
            | +2009-06-21T17:04:00Z Committer          ∙ ..作者                : #2 - ASCII pre
            | +2009-06-13T04:41:50Z Committer          ∙ ..æøå         : #1 - ASCII prefix
            | +2009-06-04T16:19:40Z Committer          ∙ ______________________________________
            | +2009-05-27T03:57:30Z Committer          ∙ 者作者                : #6 - non-ASCII
            | +2009-05-18T15:35:20Z Committer          ∙ åæøå          : #5 - non-ASCII prefix
            | +2009-05-10T03:13:10Z Committer          ∙ >作者         : #4 - mixed prefix
            | +2009-05-01T14:51:00Z Committer          ∙ >æøå          : #3 - mixed prefix
            | +2009-04-23T02:28:50Z Committer          ∙ .作者         : #2 - ASCII prefix
            | +2009-04-14T14:06:40Z Committer          ∙ .æøå          : #1 - ASCII prefix
            | +2009-04-06T01:44:30Z Committer          ∙ ______________________________________
            | +2009-03-28T13:22:20Z Committer          ∙ 作者          : #6 - non-ASCII prefix
            | +2009-03-20T01:00:10Z Committer          ∙ æøå           : #5 - non-ASCII prefix
            | +2009-03-11T12:38:00Z Committer          ∙ 作者          : #4 - mixed prefix
            | +2009-03-03T00:15:50Z Committer          ∙ æøå           : #3 - mixed prefix
            | +2009-02-22T11:53:40Z Committer          ∙ 作者          : #2 - ASCII prefix
            | +2009-02-13T23:31:30Z Committer          ◎ æøå           : #1 - ASCII prefix
            | +[main] 1 of 49
      TEST  test/main/date-test
            | Failed 9 out of 9 test(s)
            | [stderr] tig: HOME/.tigrc:1: Invalid value for vertical-split: no
            | [stderr] tig: HOME/.tigrc:2: Unknown option: main-view-date-use-author
            | [stderr] tig: Not implemented in Rust yet: toggle date-local
            | [FAIL] unexpected status code: 1 (should be 0)
            | [FAIL] default-date.screen != expected/default-date.screen
            | diff --git a/expected/default-date.screen b/default-date.screen
            | index 0f1fc95..c2eff65 100644
            | --- a/expected/default-date.screen
            | +++ b/default-date.screen
            | @@ -1,26 +1,26 @@
            | -2015-08-31 04:01 +0900 Kentaro Wada        Add zsh completion file for autoload
            | -2015-08-23 18:32 -0400 Jonas Fonseca       Refactor DEFINE_ALLOCATOR to use help
            | -2015-07-16 11:46 +0200 Sven Wegener        display: factor out separator functio
            | -2015-08-22 16:20 -0400 Jonas Fonseca       Merge pull request #429 from ideal/ma
            | -2015-08-18 15:24 +0800 ideal               check if mem is NULL in DEFINE_ALLOCA
            | -2015-06-07 23:44 -0400 Jonas Fonseca       Use git_init to initialize the test/s
            | -2015-04-06 20:34 -0400 Jonas Fonseca       Keep unstaged changes view open after
            | -2015-03-30 07:43 -0400 Jonas Fonseca       When redrawing the readline prompt al
            | -2015-02-02 21:53 -0500 Jonas Fonseca       Move script helper before usages in t
            | -2015-01-29 10:44 -0500 Jonas Fonseca       Merge branch 'hashed-refs'
            | -2014-12-04 11:22 -0500 Jonas Fonseca       hashed-refs: Use a hash table as the
            | -2014-11-08 09:55 -0500 Jonas Fonseca       Unify option_info lookup for normal o
            | -2014-10-06 21:22 -0400 Jonas Fonseca       Add option to turn off automatic enab
            | -2014-09-23 12:54 +0200 Tom Greuter         Add option to install Tig with Homebr
            | -2014-09-04 07:19 -0400 Jonas Fonseca       Fix diff context restoring for diff o
            | -2013-12-15 09:55 +1100 Michael Barlow      Add mouse support
            | -2012-09-30 22:43 -0400 Jonas Fonseca       Refactor stage view title formatting
            | -2012-08-30 10:47 -0400 Jonas Fonseca       [GH #83] WIP: main view lazy navigati
            | -2011-10-13 11:46 +0530 P. Sadik            Create and use dup() of STDIN_FILENO
            | -2010-09-15 21:01 -0400 Jonathan Neuschäfer Don't show out-of-sight tildes
            | -2010-06-28 10:26 +0200 Pierre Habouzit     Add an option to ignore unknown direc
            | -2009-01-17 23:10 +0100 Jonas Fonseca       Fix another regression from the dirty
            | -2007-09-29 23:23 +0200 Jonas Fonseca       tig-0.10.git
            | -2006-09-12 00:22 +0200 Jonas Fonseca       Only split the tree view when the tre
            | -2006-04-10 18:39 +0200 Jonas Fonseca       Initial commit
            | -[main] 91912eb97da4f6907015dab41ef9bba315730854 - commit 1 of 25            100%
            | +commit 91912eb97da4f6907015dab41ef9bba315730854
            | +author Kentaro Wada <www.kentaro.wada@example.com> 1440961292 +0900
            | +committer Kentaro Wada <www.kentaro.wada@example.com> 1440962158 +0900
            | +
            | +    Add zsh completion file for autoload
            | +
            | +commit 517b7e0decb2ec30333f045f7605025c0195f895
            | +author Jonas Fonseca <jonas.fonseca@example.com> 1440369159 -0400
            | +committer Jonas Fonseca <jonas.fonseca@example.com> 1440925276 +0200
            | +
            | +    Refactor DEFINE_ALLOCATOR to use helper method and asserts
            | +    
            | +    Move main code to helper method and only keep assertion checks and code
            | +    that dereferences the passed pointer.
            | +
            | +commit 0e6cbc428c16968abccb6cb298f95ddcf3969bc6
            | +author Sven Wegener <sven.wegener@example.com> 1437039987 +0200
            | +committer Sven Wegener <sven.wegener@example.com> 1440764705 +0200
            | +
            | +    display: factor out separator functions
            | +    
            | +    Signed-off-by: Sven Wegener <sven.wegener@example.com>
            | +
            | +commit 07b1b4dcbf6a4aae5f842be73d444403e53d488a
            | +author Jonas Fonseca <jonas.fonseca@example.com> 1440274835 -0400
            | +[pager] 1 of 201
            | [FAIL] local-date.screen not found
            | [FAIL] relative-date.screen not found
            | [FAIL] relative-compact-date.screen not found
            | [FAIL] custom-short-date.screen not found
            | [FAIL] custom-tz-date.screen not found
            | [FAIL] no-date.screen not found
            | [FAIL] custom-date.screen not found
      TEST  test/main/default-test
            | Failed 7 out of 7 test(s)
            | [stderr] tig: HOME/.tigrc:1: Invalid value for vertical-split: no
            | [stderr] tig: Not implemented in Rust yet: set reference-format = (branch) [tag] @remote
            | [FAIL] unexpected status code: 1 (should be 0)
            | [FAIL] main-default.screen != expected/main-default.screen
            | diff --git a/expected/main-default.screen b/main-default.screen
            | index 6df9f1d..3eb9bc2 100644
            | --- a/expected/main-default.screen
            | +++ b/main-default.screen
            | @@ -1,15 +1,15 @@
            | -2010-04-07 05:37 +0000 Max Power             o [master] {origin/master} {origin/
            | -2010-03-29 17:15 +0000 Jørgen Thygesen Brahe o Commit 10 D
            | -2010-03-21 04:53 +0000 作者                  o Commit 10 C
            | -2010-03-12 16:31 +0000 René Lévesque         o Commit 10 B
            | -2010-03-04 04:09 +0000 A. U. Thor            o Commit 10 A
            | -2010-02-23 15:46 +0000 Max Power             o Commit 9 E
            | -2010-02-15 03:24 +0000 Jørgen Thygesen Brahe o Commit 9 D
            | -2010-02-06 15:02 +0000 作者                  o Commit 9 C
            | -2010-01-29 02:40 +0000 René Lévesque         o Commit 9 B
            | -2010-01-20 14:18 +0000 A. U. Thor            o Commit 9 A
            | -2010-01-12 01:56 +0000 Max Power             o Commit 8 E
            | -2010-01-03 13:33 +0000 Jørgen Thygesen Brahe o Commit 8 D
            | -2009-12-26 01:11 +0000 作者                  o Commit 8 C
            | -2009-12-17 12:49 +0000 René Lévesque         o <v1.0> Commit 8 B
            | -[main] 5cb3412a5e06e506840495b91acc885037a48b72 - commit 1 of 50             28%
            | +2010-04-07T05:37:40Z Max Power          ∙ [HEAD -> master, origin/master, origin
            | +2010-03-29T17:15:30Z Jørgen Thygesen Brahe ∙ Commit 10 D
            | +2010-03-21T04:53:20Z 作者                 ∙ Commit 10 C
            | +2010-03-12T16:31:10Z René Lévesque      ∙ Commit 10 B
            | +2010-03-04T04:09:00Z A. U. Thor         ∙ Commit 10 A
            | +2010-02-23T15:46:50Z Max Power          ∙ Commit 9 E
            | +2010-02-15T03:24:40Z Jørgen Thygesen Brahe ∙ Commit 9 D
            | +2010-02-06T15:02:30Z 作者                 ∙ Commit 9 C
            | +2010-01-29T02:40:20Z René Lévesque      ∙ Commit 9 B
            | +2010-01-20T14:18:10Z A. U. Thor         ∙ Commit 9 A
            | +2010-01-12T01:56:00Z Max Power          ∙ Commit 8 E
            | +2010-01-03T13:33:50Z Jørgen Thygesen Brahe ∙ Commit 8 D
            | +2009-12-26T01:11:40Z 作者                 ∙ Commit 8 C
            | +2009-12-17T12:49:30Z René Lévesque      ∙ [tag: v1.0] Commit 8 B
            | +[main] 1 of 50
            | [FAIL] main-ref-format.screen not found
            | [FAIL] main-remotes-hidden.screen not found
            | [FAIL] main-no-refs.screen not found
            | [FAIL] main-no-graph.screen not found
            | [FAIL] main-with-diff.screen not found
      TEST  test/main/emoji-test
      CASE  test/main/emoji-test:emoji-commit-titles-col-46
      CASE  test/main/emoji-test:emoji-commit-titles-col-unset
      CASE  test/main/emoji-test:emoji-commit-titles-col-300
            | Failed 6 out of 6 test(s)
            | [stderr] [emoji-commit-titles-col-46] tig: HOME/.tigrc:1: Invalid value for vertical-split: no
            | [stderr] [emoji-commit-titles-col-unset] tig: HOME/.tigrc:1: Invalid value for vertical-split: no
            | [stderr] [emoji-commit-titles-col-300] tig: HOME/.tigrc:1: Invalid value for vertical-split: no
            | [FAIL] emoji-commit-titles-col-46.screen != expected/emoji-commit-titles-col-46.screen
            | diff --git a/expected/emoji-commit-titles-col-46.screen b/emoji-commit-titles-col-46.screen
            | index 4e7e712..ac58312 100644
            | --- a/expected/emoji-commit-titles-col-46.screen
            | +++ b/emoji-commit-titles-col-46.screen
            | @@ -1,9 +1,9 @@
            | -2009-04-06 01:44 +0000 Committer o [master] 🌏
            | -2009-03-28 13:22 +0000 Committer o 💄 Polish t
            | -2009-03-20 01:00 +0000 Committer o 📚 Document
            | -2009-03-11 12:38 +0000 Committer o 🎨 Reformat
            | -2009-03-03 00:15 +0000 Committer o ✨ Add new
            | -2009-02-22 11:53 +0000 Committer o 🐧 Fix Linu
            | -2009-02-13 23:31 +0000 Committer I 🚑 Fix bug
            | +2009-04-06T01:44:30Z Committer          ∙ [HEA
            | +2009-03-28T13:22:20Z Committer          ∙ 💄 P
            | +2009-03-20T01:00:10Z Committer          ∙ 📚 D
            | +2009-03-11T12:38:00Z Committer          ∙ 🎨 R
            | +2009-03-03T00:15:50Z Committer          ∙ ✨ A
            | +2009-02-22T11:53:40Z Committer          ∙ 🐧 F
            | +2009-02-13T23:31:30Z Committer          ◎ 🚑 F
            |  
            | -[main] 237d747db3f85d2ae36127ecd0371feb4c 100%
            | +[main] 1 of 7
            | [FAIL] emoji-commit-titles-col-46.stderr != expected/emoji-commit-titles-col-46.stderr
            | diff --git a/expected/emoji-commit-titles-col-46.stderr b/emoji-commit-titles-col-46.stderr
            | index e69de29..674239b 100644
            | --- a/expected/emoji-commit-titles-col-46.stderr
            | +++ b/emoji-commit-titles-col-46.stderr
            | @@ -0,0 +1 @@
            | +tig: HOME/.tigrc:1: Invalid value for vertical-split: no
            | [FAIL] emoji-commit-titles-col-unset.screen != expected/emoji-commit-titles-col-unset.screen
            | diff --git a/expected/emoji-commit-titles-col-unset.screen b/emoji-commit-titles-col-unset.screen
            | index 6c62c2c..6ae5783 100644
            | --- a/expected/emoji-commit-titles-col-unset.screen
            | +++ b/emoji-commit-titles-col-unset.screen
            | @@ -1,9 +1,9 @@
            | -2009-04-06 01:44 +0000 Committer o [master] 🌏💧✋🕋🗡🚀🏜☀🌡🌶💯🚱⏳🌅🌑😡💉😱😈💀
            | -2009-03-28 13:22 +0000 Committer o 💄 Polish the UI
            | -2009-03-20 01:00 +0000 Committer o 📚 Document new feature
            | -2009-03-11 12:38 +0000 Committer o 🎨 Reformat the code
            | -2009-03-03 00:15 +0000 Committer o ✨ Add new feature
            | -2009-02-22 11:53 +0000 Committer o 🐧 Fix Linux issue
            | -2009-02-13 23:31 +0000 Committer I 🚑 Fix bug
            | +2009-04-06T01:44:30Z Committer          ∙ [HEAD -> master] 🌏💧✋🕋🗡🚀🏜☀🌡🌶💯🚱⏳
            | +2009-03-28T13:22:20Z Committer          ∙ 💄 Polish the UI
            | +2009-03-20T01:00:10Z Committer          ∙ 📚 Document new feature
            | +2009-03-11T12:38:00Z Committer          ∙ 🎨 Reformat the code
            | +2009-03-03T00:15:50Z Committer          ∙ ✨ Add new feature
            | +2009-02-22T11:53:40Z Committer          ∙ 🐧 Fix Linux issue
            | +2009-02-13T23:31:30Z Committer          ◎ 🚑 Fix bug
            |  
            | -[main] 237d747db3f85d2ae36127ecd0371feb4ca986e3 - commit 1 of 7             100%
            | +[main] 1 of 7
            | [FAIL] emoji-commit-titles-col-unset.stderr != expected/emoji-commit-titles-col-unset.stderr
            | diff --git a/expected/emoji-commit-titles-col-unset.stderr b/emoji-commit-titles-col-unset.stderr
            | index e69de29..674239b 100644
            | --- a/expected/emoji-commit-titles-col-unset.stderr
            | +++ b/emoji-commit-titles-col-unset.stderr
            | @@ -0,0 +1 @@
            | +tig: HOME/.tigrc:1: Invalid value for vertical-split: no
            | [FAIL] emoji-commit-titles-col-300.screen != expected/emoji-commit-titles-col-300.screen
            | diff --git a/expected/emoji-commit-titles-col-300.screen b/emoji-commit-titles-col-300.screen
            | index 882be70..c20ea70 100644
            | --- a/expected/emoji-commit-titles-col-300.screen
            | +++ b/emoji-commit-titles-col-300.screen
            | @@ -1,9 +1,9 @@
            | -2009-04-06 01:44 +0000 Committer o [master] 🌏💧✋🕋🗡🚀🏜☀🌡🌶💯🚱⏳🌅🌑😡💉😱😈💀💥🌛🌙🐭💥🚶🏻〰🐛⌛👳🙏💥😴🛌😳💥🐛💥👊⚔👑
            | -2009-03-28 13:22 +0000 Committer o 💄 Polish the UI
            | -2009-03-20 01:00 +0000 Committer o 📚 Document new feature
            | -2009-03-11 12:38 +0000 Committer o 🎨 Reformat the code
            | -2009-03-03 00:15 +0000 Committer o ✨ Add new feature
            | -2009-02-22 11:53 +0000 Committer o 🐧 Fix Linux issue
            | -2009-02-13 23:31 +0000 Committer I 🚑 Fix bug
            | +2009-04-06T01:44:30Z Committer          ∙ [HEAD -> master] 🌏💧✋🕋🗡🚀🏜☀🌡🌶💯🚱⏳🌅🌑😡💉😱😈💀💥🌛🌙🐭💥🚶🏻〰🐛⌛👳🙏💥😴🛌😳💥🐛💥👊⚔👑
            | +2009-03-28T13:22:20Z Committer          ∙ 💄 Polish the UI
            | +2009-03-20T01:00:10Z Committer          ∙ 📚 Document new feature
            | +2009-03-11T12:38:00Z Committer          ∙ 🎨 Reformat the code
            | +2009-03-03T00:15:50Z Committer          ∙ ✨ Add new feature
            | +2009-02-22T11:53:40Z Committer          ∙ 🐧 Fix Linux issue
            | +2009-02-13T23:31:30Z Committer          ◎ 🚑 Fix bug
            |  
            | -[main] 237d747db3f85d2ae36127ecd0371feb4ca986e3 - commit 1 of 7                                                                                                                                                                                                                                         100%
            | +[main] 1 of 7
            | [FAIL] emoji-commit-titles-col-300.stderr != expected/emoji-commit-titles-col-300.stderr
            | diff --git a/expected/emoji-commit-titles-col-300.stderr b/emoji-commit-titles-col-300.stderr
            | index e69de29..674239b 100644
            | --- a/expected/emoji-commit-titles-col-300.stderr
            | +++ b/emoji-commit-titles-col-300.stderr
            | @@ -0,0 +1 @@
            | +tig: HOME/.tigrc:1: Invalid value for vertical-split: no
      TEST  test/main/escape-control-characters-test
            | Failed 1 out of 1 test(s)
            | [FAIL] screen != expected/screen
            | diff --git a/expected/screen b/screen
            | index c41ecc7..af86eb6 100644
            | --- a/expected/screen
            | +++ b/screen
            | @@ -1,19 +1,19 @@
            | -2015-08-19 11:12 -0700 a Check GBM_BO_USE_LINEAR correctly v2
            | -2015-08-19 11:12 -0700 a extend conditional group GBM_BO_USE_LINEAR  over both usages
            | -2015-08-19 11:12 -0700 a glamor: Deal with glamor_glyphs_init being removed from xserver
            | -2015-08-19 11:12 -0700 a add some new tonga pci ids
            | -2015-08-19 11:12 -0700 a add new bonaire pci id
            | -2015-08-19 11:12 -0700 a Link against libgbm
            | -2015-08-19 11:12 -0700 a Disable tiling for PRIME shared pixmap
            | -2015-08-19 11:12 -0700 a Use gbm_bo_get_fd to get DMA_BUF fd
            | -2015-08-19 11:12 -0700 a ddx: use amdgpu_query_crtc_from_id
            | -2015-08-19 11:12 -0700 a ddx: remove AMDGPUIsAccelWorking
            | -2015-08-19 11:12 -0700 a ddx: enable acceleration by default on Hawaii
            | -2015-08-19 11:12 -0700 a Remove throttling from amdgpu_dri2_copy_region2
            | -2015-08-19 11:12 -0700 a fixup README
            | -2015-08-19 11:12 -0700 a Add 10-amdgpu.conf xorg.conf.d snippet
            | -2015-08-19 11:12 -0700 a Document Option "AccelMethod" in the manpage
            | -2015-08-19 11:12 -0700 a Fix build when gbm.h doesn't define GBM_BO_USE_LINEAR
            | -2015-08-19 11:12 -0700 a glamor: Handle GLAMOR_* flags removed from xserver
            | -2015-08-19 11:12 -0700 a Move #include "radeon_glamor.h" from amdgpu_drv.h to where it's needed
            | -[main] 7363156 - commit 1 of 19                                                                  94%
            | +commit > 7363156 e75e9f3\x00a <b.c> 1440007968 -0700\x00a <b.c> 1440007968 -0700\x00Check GBM_BO_USE
            | +commit > e75e9f3 37b389e\x00a <b.c> 1440007968 -0700\x00a <b.c> 1440007968 -0700\x00extend condition
            | +commit > 37b389e 2291704\x00a <b.c> 1440007968 -0700\x00a <b.c> 1440007968 -0700\x00glamor: Deal wit
            | +commit > 2291704 e71be4a\x00a <b.c> 1440007968 -0700\x00a <b.c> 1440007968 -0700\x00add some new ton
            | +commit > e71be4a b795d1e\x00a <b.c> 1440007968 -0700\x00a <b.c> 1440007968 -0700\x00add new bonaire 
            | +commit > b795d1e 7e3b273\x00a <b.c> 1440007968 -0700\x00a <b.c> 1440007968 -0700\x00Link against lib
            | +commit > 7e3b273 4840f91\x00a <b.c> 1440007968 -0700\x00a <b.c> 1440007968 -0700\x00Disable tiling f
            | +commit > 4840f91 b69c5b3\x00a <b.c> 1440007968 -0700\x00a <b.c> 1440007968 -0700\x00Use gbm_bo_get_f
            | +commit > b69c5b3 91aa694\x00a <b.c> 1440007968 -0700\x00a <b.c> 1440007968 -0700\x00ddx: use amdgpu_
            | +commit > 91aa694 afc3304\x00a <b.c> 1440007968 -0700\x00a <b.c> 1440007968 -0700\x00ddx: remove AMDG
            | +commit > afc3304 8a34a81\x00a <b.c> 1440007968 -0700\x00a <b.c> 1440007968 -0700\x00ddx: enable acce
            | +commit > 8a34a81 9f61a55\x00a <b.c> 1440007968 -0700\x00a <b.c> 1440007968 -0700\x00Remove throttlin
            | +commit > 9f61a55 a49ad11\x00a <b.c> 1440007968 -0700\x00a <b.c> 1440007968 -0700\x00fixup README
            | +commit > a49ad11 fa4aed6\x00a <b.c> 1440007968 -0700\x00a <b.c> 1440007968 -0700\x00Add 10-amdgpu.co
            | +commit > fa4aed6 fe4a4b6\x00a <b.c> 1440007968 -0700\x00a <b.c> 1440007968 -0700\x00Document Option 
            | +commit > fe4a4b6 84df3e7\x00a <b.c> 1440007968 -0700\x00a <b.c> 1440007968 -0700\x00Fix build when g
            | +commit > 84df3e7 b947f4b\x00a <b.c> 1440007968 -0700\x00a <b.c> 1440007968 -0700\x00glamor: Handle G
            | +commit > b947f4b ff62bf6\x00a <b.c> 1440007968 -0700\x00a <b.c> 1440007968 -0700\x00Move #include "r
            | +[pager] 1 of 19
      TEST  test/main/filter-args-test
test/main/filter-args-test: line 34: <workspace>/work/tig-build/test/tmp/main/filter-args-test/trace: No such file or directory
            | [stderr] tig: HOME/.tigrc:1: Unknown option: main-view-date-use-author
            | No test results found
make: *** [test/main/filter-args-test] Error 1
      TEST  test/main/git-alias-test
            | Failed 1 out of 2 test(s)
            |   [OK] alias-vars assertion
            | [FAIL] main.screen != expected/main.screen
            | diff --git a/expected/main.screen b/main.screen
            | index b69b6bd..2e744b8 100644
            | --- a/expected/main.screen
            | +++ b/main.screen
            | @@ -1,4 +1,4 @@
            | -2014-03-01 17:26 -0500 Jonas Fonseca * [work-branch] [master] WIP: Upgrade to 0.
            | -2014-01-16 22:51 -0500 Jonas Fonseca I Move classes under org.scalajs.benchmark
            |  
            | -[main] ee912870202200a0b9cf4fd86ba57243212d341e - commit 1 of 2             100%
            | +
            | +
            | +[main] 0 of 0
      TEST  test/main/goto-test
            | Failed 9 out of 9 test(s)
            | [stderr] tig: Unsupported history option --merge: only revision, filtering, ordering and path options are allowed
            | [FAIL] unexpected status code: 1 (should be 0)
            | [FAIL] commit-1.screen not found
            | [FAIL] commit-1-back.screen not found
            | [FAIL] commit-2.screen not found
            | [FAIL] commit-2-again.screen not found
            | [FAIL] commit-5.screen not found
            | [FAIL] commit-5-still.screen not found
            | [FAIL] unstaged-changes.screen not found
            | [FAIL] commit-3.screen not found
      TEST  test/main/graph-argument-test
            | Failed 4 out of 5 test(s)
            | [stderr] [follow] tig: Unsupported history option --follow: only revision, filtering, ordering and path options are allowed
            | [FAIL] unexpected status code: 1 (should be 0)
            | [FAIL] follow.screen not found
            | [FAIL] follow.stderr != expected/follow.stderr
            | diff --git a/expected/follow.stderr b/follow.stderr
            | index e69de29..411a8c7 100644
            | --- a/expected/follow.stderr
            | +++ b/follow.stderr
            | @@ -0,0 +1 @@
            | +tig: Unsupported history option --follow: only revision, filtering, ordering and path options are allowed
            | [FAIL] first-parent.screen != expected/first-parent.screen
            | diff --git a/expected/first-parent.screen b/first-parent.screen
            | index 0b96a12..4746e8c 100644
            | --- a/expected/first-parent.screen
            | +++ b/first-parent.screen
            | @@ -1,15 +1,15 @@
            | -2014-03-01 17:26 -0500 JFonseca ∙ WIP: Upgrade to 0.4-SNAPSHOT and DCE
            | -2014-03-01 15:59 -0500 JFonseca ∙ Add type parameter for js.Dynamic
            | -2014-01-16 22:51 -0500 JFonseca ∙ Move classes under org.scalajs.benchmark packa
            | -2014-01-16 17:43 -0500 JFonseca ∙ Bump Scala.js version to 0.3-SNAPSHOT
            | -2014-01-16 17:39 -0500 JFonseca ∙ Integrate app code into the benchmark infrastr
            | -2014-01-16 07:47 -0800 JFonseca ∙ Merge pull request #4 from phaller/patch-1
            | -2013-12-17 00:02 +0100 JFonseca ∙ Update links to reflect project name change
            | -2013-12-03 23:35 -0500 JFonseca ∙ Use Scala.js 0.2-SNAPSHOT
            | -2013-11-26 23:39 -0500 JFonseca ∙ Extract the benchmark list variable name; fix
            | -2013-11-26 23:31 -0500 JFonseca ∙ Solve the easiest sudoku grid
            | -2013-11-26 23:22 -0500 JFonseca ∙ Disable phantomjs by default
            | -2013-11-26 22:55 -0500 JFonseca ∙ Exclude Sudoku when running all benchmarks
            | -2013-11-26 22:52 -0500 JFonseca ∙ Fix reference setup to work for node
            | -2013-11-26 22:03 -0500 JFonseca ∙ Move benchmark registration to Scala
            | -[main] ee912870202200a0b9cf4fd86ba57243212d341e - commit 1 of 44             31%
            | +2014-03-01T17:26:01-05:00 Jonas Fonseca      ∙ [HEAD -> master] WIP: Upgrade to 
            | +2014-03-01T15:59:02-05:00 Jonas Fonseca      ∙ Add type parameter for js.Dynamic
            | +2014-01-16T22:51:27-05:00 Jonas Fonseca      ∙ Move classes under org.scalajs.be
            | +2014-01-16T17:43:16-05:00 Jonas Fonseca      ∙ Bump Scala.js version to 0.3-SNAP
            | +2014-01-16T17:39:49-05:00 Jonas Fonseca      ∙ Integrate app code into the bench
            | +2014-01-16T07:47:58-08:00 Jonas Fonseca      ●─╮ Merge pull request #4 from phal
            | +2013-12-17T00:02:15+01:00 Jonas Fonseca      ∙ │ Update links to reflect project
            | +2013-12-03T23:35:45-05:00 Jonas Fonseca      ∙ │ Use Scala.js 0.2-SNAPSHOT
            | +2013-11-26T23:39:58-05:00 Jonas Fonseca      ∙ │ Extract the benchmark list vari
            | +2013-11-26T23:31:51-05:00 Jonas Fonseca      ∙ │ Solve the easiest sudoku grid
            | +2013-11-26T23:22:37-05:00 Jonas Fonseca      ∙ │ Disable phantomjs by default
            | +2013-11-26T22:55:16-05:00 Jonas Fonseca      ∙ │ Exclude Sudoku when running all
            | +2013-11-26T22:52:38-05:00 Jonas Fonseca      ∙ │ Fix reference setup to work for
            | +2013-11-26T22:03:45-05:00 Jonas Fonseca      ∙ │ Move benchmark registration to 
            | +[main] 1 of 44
            |   [OK] first-parent.stderr assertion
      TEST  test/main/jump-ends-test
      CASE  test/main/jump-ends-test:main-goto-1
      CASE  test/main/jump-ends-test:main-goto-max
      CASE  test/main/jump-ends-test:main-goto-max-plus-1
      CASE  test/main/jump-ends-test:main-goto-max-plus-2
            | Failed 12 out of 12 test(s)
            | [stderr] [main-goto-1] tig: HOME/.tigrc:1: Unknown option: main-view-date-use-author
            | [stderr] [main-goto-1] tig: Not implemented in Rust yet: 1
            | [stderr] [main-goto-max] tig: HOME/.tigrc:1: Unknown option: main-view-date-use-author
            | [stderr] [main-goto-max] tig: Not implemented in Rust yet: 48
            | [stderr] [main-goto-max-plus-1] tig: HOME/.tigrc:1: Unknown option: main-view-date-use-author
            | [stderr] [main-goto-max-plus-1] tig: Not implemented in Rust yet: 49
            | [stderr] [main-goto-max-plus-2] tig: HOME/.tigrc:1: Unknown option: main-view-date-use-author
            | [stderr] [main-goto-max-plus-2] tig: Not implemented in Rust yet: 50
            | [FAIL] unexpected status code: 1 (should be 0)
            | [FAIL] main-goto-1.screen not found
            | [FAIL] main-goto-1.stderr != expected/main-goto-1.stderr
            | diff --git a/expected/main-goto-1.stderr b/main-goto-1.stderr
            | index e69de29..5c23698 100644
            | --- a/expected/main-goto-1.stderr
            | +++ b/main-goto-1.stderr
            | @@ -0,0 +1,2 @@
            | +tig: HOME/.tigrc:1: Unknown option: main-view-date-use-author
            | +tig: Not implemented in Rust yet: 1
            | [FAIL] unexpected status code: 1 (should be 0)
            | [FAIL] main-goto-max.screen not found
            | [FAIL] main-goto-max.stderr != expected/main-goto-max.stderr
            | diff --git a/expected/main-goto-max.stderr b/main-goto-max.stderr
            | index e69de29..05518a4 100644
            | --- a/expected/main-goto-max.stderr
            | +++ b/main-goto-max.stderr
            | @@ -0,0 +1,2 @@
            | +tig: HOME/.tigrc:1: Unknown option: main-view-date-use-author
            | +tig: Not implemented in Rust yet: 48
            | [FAIL] unexpected status code: 1 (should be 0)
            | [FAIL] main-goto-max-plus-1.screen not found
            | [FAIL] main-goto-max-plus-1.stderr != expected/main-goto-max-plus-1.stderr
            | diff --git a/expected/main-goto-max-plus-1.stderr b/main-goto-max-plus-1.stderr
            | index e69de29..3f2dd4b 100644
            | --- a/expected/main-goto-max-plus-1.stderr
            | +++ b/main-goto-max-plus-1.stderr
            | @@ -0,0 +1,2 @@
            | +tig: HOME/.tigrc:1: Unknown option: main-view-date-use-author
            | +tig: Not implemented in Rust yet: 49
            | [FAIL] unexpected status code: 1 (should be 0)
            | [FAIL] main-goto-max-plus-2.screen not found
            | [FAIL] main-goto-max-plus-2.stderr != expected/main-goto-max-plus-2.stderr
            | diff --git a/expected/main-goto-max-plus-2.stderr b/main-goto-max-plus-2.stderr
            | index e69de29..1b9f2a0 100644
            | --- a/expected/main-goto-max-plus-2.stderr
            | +++ b/main-goto-max-plus-2.stderr
            | @@ -0,0 +1,2 @@
            | +tig: HOME/.tigrc:1: Unknown option: main-view-date-use-author
            | +tig: Not implemented in Rust yet: 50
      TEST  test/main/mailmap-test
            | Failed 2 out of 2 test(s)
            | [FAIL] mailmapped.screen != expected/mailmapped.screen
            | diff --git a/expected/mailmapped.screen b/mailmapped.screen
            | index 3df0c1c..27f0e78 100644
            | --- a/expected/mailmapped.screen
            | +++ b/mailmapped.screen
            | @@ -1,14 +1,14 @@
            | -2010-04-07 05:37 +0000 Full Throttle o [master] {origin/master} {origin/HEAD} Co
            | -2010-03-29 17:15 +0000 Stargazer     o Commit 10 D
            | -2010-03-21 04:53 +0000 龙            o Commit 10 C
            | -2010-03-12 16:31 +0000 Ti-Poil       o Commit 10 B
            | -2010-03-04 04:09 +0000 Thoreau       o Commit 10 A
            | -2010-02-23 15:46 +0000 Full Throttle o Commit 9 E
            | -2010-02-15 03:24 +0000 Stargazer     o Commit 9 D
            | -2010-02-06 15:02 +0000 龙            o Commit 9 C
            | -2010-01-29 02:40 +0000 Ti-Poil       o Commit 9 B
            | -2010-01-20 14:18 +0000 Thoreau       o Commit 9 A
            | -2010-01-12 01:56 +0000 Full Throttle o Commit 8 E
            | -2010-01-03 13:33 +0000 Stargazer     o Commit 8 D
            | -2009-12-26 01:11 +0000 龙            o Commit 8 C
            | -[main] 5cb3412a5e06e506840495b91acc885037a48b72 - commit 1 of 50             26%
            | +2010-04-07T05:37:40Z Max Power          ∙ [HEAD -> master, origin/master, origin
            | +2010-03-29T17:15:30Z Jørgen Thygesen Brahe ∙ Commit 10 D
            | +2010-03-21T04:53:20Z 作者                 ∙ Commit 10 C
            | +2010-03-12T16:31:10Z René Lévesque      ∙ Commit 10 B
            | +2010-03-04T04:09:00Z A. U. Thor         ∙ Commit 10 A
            | +2010-02-23T15:46:50Z Max Power          ∙ Commit 9 E
            | +2010-02-15T03:24:40Z Jørgen Thygesen Brahe ∙ Commit 9 D
            | +2010-02-06T15:02:30Z 作者                 ∙ Commit 9 C
            | +2010-01-29T02:40:20Z René Lévesque      ∙ Commit 9 B
            | +2010-01-20T14:18:10Z A. U. Thor         ∙ Commit 9 A
            | +2010-01-12T01:56:00Z Max Power          ∙ Commit 8 E
            | +2010-01-03T13:33:50Z Jørgen Thygesen Brahe ∙ Commit 8 D
            | +2009-12-26T01:11:40Z 作者                 ∙ Commit 8 C
            | +[main] 1 of 50
            | [FAIL] mailmapped-diff.screen != expected/mailmapped-diff.screen
            | diff --git a/expected/mailmapped-diff.screen b/mailmapped-diff.screen
            | index 805924c..4804df9 100644
            | --- a/expected/mailmapped-diff.screen
            | +++ b/mailmapped-diff.screen
            | @@ -1,5 +1,4 @@
            |  commit 5cb3412a5e06e506840495b91acc885037a48b72
            | -Refs: [master], {origin/master}, {origin/HEAD}, v1.0-13-g5cb3412
            |  Author:     Full Throttle <f.throttle@example.org>
            |  AuthorDate: Wed Apr 7 05:37:40 2010 +0000
            |  Commit:     ¯\_(ツ)_/¯ <omitter@example.net>
            | @@ -11,4 +10,5 @@ CommitDate: Wed Apr 7 05:37:40 2010 +0000
            |  
            |  
            |  
            | -[diff] 5cb3412a5e06e506840495b91acc885037a48b72 - line 1 of 8               100%
            | +
            | +[diff] 1 of 7
      TEST  test/main/main-options-test
            | Failed 1 out of 1 test(s)
            | [FAIL] with-10-lines.screen != expected/with-10-lines.screen
            | diff --git a/expected/with-10-lines.screen b/with-10-lines.screen
            | index 6e5eb3f..3eb9bc2 100644
            | --- a/expected/with-10-lines.screen
            | +++ b/with-10-lines.screen
            | @@ -1,15 +1,15 @@
            | -2010-04-07 05:37 +0000 Max Power             o [master] {origin/master} {origin/
            | -2010-03-29 17:15 +0000 Jørgen Thygesen Brahe o Commit 10 D
            | -2010-03-21 04:53 +0000 作者                  o Commit 10 C
            | -2010-03-12 16:31 +0000 René Lévesque         o Commit 10 B
            | -2010-03-04 04:09 +0000 A. U. Thor            o Commit 10 A
            | -2010-02-23 15:46 +0000 Max Power             o Commit 9 E
            | -2010-02-15 03:24 +0000 Jørgen Thygesen Brahe o Commit 9 D
            | -2010-02-06 15:02 +0000 作者                  o Commit 9 C
            | -2010-01-29 02:40 +0000 René Lévesque         o Commit 9 B
            | -2010-01-20 14:18 +0000 A. U. Thor            o Commit 9 A
            | - 
            | - 
            | - 
            | - 
            | -[main] 5cb3412a5e06e506840495b91acc885037a48b72 - commit 1 of 10            100%
            | +2010-04-07T05:37:40Z Max Power          ∙ [HEAD -> master, origin/master, origin
            | +2010-03-29T17:15:30Z Jørgen Thygesen Brahe ∙ Commit 10 D
            | +2010-03-21T04:53:20Z 作者                 ∙ Commit 10 C
            | +2010-03-12T16:31:10Z René Lévesque      ∙ Commit 10 B
            | +2010-03-04T04:09:00Z A. U. Thor         ∙ Commit 10 A
            | +2010-02-23T15:46:50Z Max Power          ∙ Commit 9 E
            | +2010-02-15T03:24:40Z Jørgen Thygesen Brahe ∙ Commit 9 D
            | +2010-02-06T15:02:30Z 作者                 ∙ Commit 9 C
            | +2010-01-29T02:40:20Z René Lévesque      ∙ Commit 9 B
            | +2010-01-20T14:18:10Z A. U. Thor         ∙ Commit 9 A
            | +2010-01-12T01:56:00Z Max Power          ∙ Commit 8 E
            | +2010-01-03T13:33:50Z Jørgen Thygesen Brahe ∙ Commit 8 D
            | +2009-12-26T01:11:40Z 作者                 ∙ Commit 8 C
            | +2009-12-17T12:49:30Z René Lévesque      ∙ [tag: v1.0] Commit 8 B
            | +[main] 1 of 50
      TEST  test/main/merge-test
            | Failed 2 out of 2 test(s)
            | [stderr] tig: HOME/.tigrc:1: Invalid value for vertical-split: no
            | [stderr] tig: Unsupported history option --merge: only revision, filtering, ordering and path options are allowed
            | [FAIL] unexpected status code: 1 (should be 0)
            | [FAIL] main-with-conflict.screen not found
      TEST  test/main/no-matching-commmits-test
            | Failed 1 out of 2 test(s)
            | [FAIL] stderr != expected/stderr
            | diff --git a/expected/stderr b/stderr
            | index f0fa825..7c3196e 100644
            | --- a/expected/stderr
            | +++ b/stderr
            | @@ -1 +1 @@
            | -tig: No revisions match the given arguments.
            | +tig: git exited with exit status: 128: fatal: bad revision 'some-ref-that-does-not-exist'
            |   [OK] tig-did-not-exit-as-expected does not exist
      TEST  test/main/no-merges-test
            | Failed 1 out of 1 test(s)
            | [stderr] tig: HOME/.tigrc:1: Unknown option: main-view-date-use-author
            | [FAIL] no-merges.screen != expected/no-merges.screen
            | diff --git a/expected/no-merges.screen b/no-merges.screen
            | index 0aebe16..8d5dcd6 100644
            | --- a/expected/no-merges.screen
            | +++ b/no-merges.screen
            | @@ -1,15 +1,15 @@
            | -2014-03-01 17:26 -0500 Jonas Fonseca      [master] WIP: Upgrade to 0.4-SNAPSHOT
            | -2014-03-01 15:59 -0500 Jonas Fonseca      Add type parameter for js.Dynamic
            | -2014-01-16 22:51 -0500 Jonas Fonseca      Move classes under org.scalajs.benchma
            | -2014-01-16 17:43 -0500 Jonas Fonseca      Bump Scala.js version to 0.3-SNAPSHOT
            | -2014-01-16 17:39 -0500 Jonas Fonseca      Integrate app code into the benchmark
            | -2014-01-16 15:32 +0100 Philipp Haller     Fix link to Dart benchmark harness
            | -2013-12-17 00:02 +0100 Jonas Fonseca      Update links to reflect project name c
            | -2013-12-03 23:35 -0500 Jonas Fonseca      Use Scala.js 0.2-SNAPSHOT
            | -2013-11-26 23:39 -0500 Jonas Fonseca      Extract the benchmark list variable na
            | -2013-11-26 23:31 -0500 Jonas Fonseca      Solve the easiest sudoku grid
            | -2013-11-26 23:22 -0500 Jonas Fonseca      Disable phantomjs by default
            | -2013-11-26 22:55 -0500 Jonas Fonseca      Exclude Sudoku when running all benchm
            | -2013-11-26 22:52 -0500 Jonas Fonseca      Fix reference setup to work for node
            | -2013-11-26 22:03 -0500 Jonas Fonseca      Move benchmark registration to Scala
            | -[main] ee912870202200a0b9cf4fd86ba57243212d341e - commit 1 of 45             31%
            | +2014-03-01T17:26:01-05:00 Jonas Fonseca      ∙ [HEAD -> master] WIP: Upgrade to 
            | +2014-03-01T15:59:02-05:00 Jonas Fonseca      ∙ Add type parameter for js.Dynamic
            | +2014-01-16T22:51:27-05:00 Jonas Fonseca      ∙ Move classes under org.scalajs.be
            | +2014-01-16T17:43:16-05:00 Jonas Fonseca      ∙ Bump Scala.js version to 0.3-SNAP
            | +2014-01-16T17:39:49-05:00 Jonas Fonseca      ∙ Integrate app code into the bench
            | +2014-01-16T15:32:52+01:00 Philipp Haller     │ ∙ Fix link to Dart benchmark harn
            | +2013-12-17T00:02:15+01:00 Jonas Fonseca      │ ∙ Update links to reflect project
            | +2013-12-03T23:35:45-05:00 Jonas Fonseca      │ ∙ Use Scala.js 0.2-SNAPSHOT
            | +2013-11-26T23:39:58-05:00 Jonas Fonseca      │ ∙ Extract the benchmark list vari
            | +2013-11-26T23:31:51-05:00 Jonas Fonseca      │ ∙ Solve the easiest sudoku grid
            | +2013-11-26T23:22:37-05:00 Jonas Fonseca      │ ∙ Disable phantomjs by default
            | +2013-11-26T22:55:16-05:00 Jonas Fonseca      │ ∙ Exclude Sudoku when running all
            | +2013-11-26T22:52:38-05:00 Jonas Fonseca      │ ∙ Fix reference setup to work for
            | +2013-11-26T22:03:45-05:00 Jonas Fonseca      │ ∙ Move benchmark registration to 
            | +[main] 1 of 45
      TEST  test/main/pretty-raw-test
            | Failed 1 out of 1 test(s)
            | [FAIL] main-pretty-raw.screen != expected/main-pretty-raw.screen
            | diff --git a/expected/main-pretty-raw.screen b/main-pretty-raw.screen
            | index fdebeca..22f677a 100644
            | --- a/expected/main-pretty-raw.screen
            | +++ b/main-pretty-raw.screen
            | @@ -1,15 +1,15 @@
            | -2010-03-29 17:15 +0000 Jørgen Thygesen Brahe Commit 10 D
            | -2010-02-15 03:24 +0000 Jørgen Thygesen Brahe Commit 9 D
            | -2010-01-03 13:33 +0000 Jørgen Thygesen Brahe Commit 8 D
            | -2009-11-21 23:43 +0000 Jørgen Thygesen Brahe Commit 7 D
            | -2009-10-10 09:52 +0000 Jørgen Thygesen Brahe Commit 6 D
            | -2009-08-28 20:01 +0000 Jørgen Thygesen Brahe Commit 5 D
            | -2009-07-17 06:10 +0000 Jørgen Thygesen Brahe Commit 4 D
            | -2009-06-04 16:19 +0000 Jørgen Thygesen Brahe Commit 3 D
            | -2009-04-23 02:28 +0000 Jørgen Thygesen Brahe Commit 2 D
            | -2009-03-11 12:38 +0000 Jørgen Thygesen Brahe Commit 1 D
            | +commit 2843bfd58b98c7e23ab91e51ffa4db4f8e27c9a4
            | +tree 4b825dc642cb6eb9a060e54bf8d69288fbee4904
            | +parent 8d53d6a41f8540749c0db5d0b53e48d2f178dce4
            | +author Jørgen Thygesen Brahe <brache@example.dk> 1269882930 +0000
            | +committer Committer <c.ommitter@example.net> 1269882930 +0000
            |  
            | +    Commit 10 D
            |  
            | +commit 5633519083f21695dda4fe1f546272abb80668cd
            | +tree 4b825dc642cb6eb9a060e54bf8d69288fbee4904
            | +parent 711615619913109be8fd85f2c378839acaa6db11
            | +author Jørgen Thygesen Brahe <brache@example.dk> 1266204280 +0000
            | +committer Committer <c.ommitter@example.net> 1266204280 +0000
            |  
            | - 
            | -[main] 2843bfd58b98c7e23ab91e51ffa4db4f8e27c9a4 - commit 1 of 10            100%
            | +[pager] 1 of 79
      TEST  test/main/refresh-periodic-test
            | Failed 6 out of 6 test(s)
            | [stderr] tig: Not implemented in Rust yet: exec @git add a
            | [FAIL] unexpected status code: 1 (should be 0)
            | [FAIL] main-with-unstaged.screen != expected/main-with-unstaged.screen
            | diff --git a/expected/main-with-unstaged.screen b/main-with-unstaged.screen
            | index bb77b48..c868104 100644
            | --- a/expected/main-with-unstaged.screen
            | +++ b/main-with-unstaged.screen
            | @@ -1,4 +1,4 @@
            | -2014-05-25 19:42 +0000 Not Committed Yet o Unstaged changes
            | -2009-02-13 23:31 +0000 A. U. Thor        I [master] Initial commit
            | +2009-02-13T23:31:30Z A. U. Thor         ◎ [HEAD -> master] Initial commit
            |  
            | -[main] Unstaged changes                                                     100%
            | +
            | +[main] 1 of 1
            | [FAIL] main-after-add-a.screen not found
            | [FAIL] main-after-commit.screen not found
            | [FAIL] main-after-commiting-change-and-sleeping-hello.screen not found
            | [FAIL] main-after-commiting-change-and-sleeping-world.screen not found
      TEST  test/main/refresh-test
            | Failed 9 out of 9 test(s)
            | [stderr] tig: Not implemented in Rust yet: exec @git add a
            | [FAIL] unexpected status code: 1 (should be 0)
            | [FAIL] main-with-unstaged.screen != expected/main-with-unstaged.screen
            | diff --git a/expected/main-with-unstaged.screen b/main-with-unstaged.screen
            | index 6566fd4..c868104 100644
            | --- a/expected/main-with-unstaged.screen
            | +++ b/main-with-unstaged.screen
            | @@ -1,4 +1,4 @@
            | -2014-05-25 19:42 +0000 Not Committed Yet o Unstaged changes
            | -2009-02-13 23:31 +0000 A. U. Thor I [master] Initial commit
            | +2009-02-13T23:31:30Z A. U. Thor         ◎ [HEAD -> master] Initial commit
            |  
            | -[main] Unstaged changes                                                     100%
            | +
            | +[main] 1 of 1
            | [FAIL] main-after-add-a.screen not found
            | [FAIL] main-after-add-all.screen not found
            | [FAIL] main-after-commit.screen not found
            | [FAIL] main-after-reset-soft.screen not found
            | [FAIL] main-after-reset-a-and-bc.screen not found
            | [FAIL] main-after-reset-hard.screen not found
            | [FAIL] main-after-tag.screen not found
      TEST  test/main/search-preload-test
            [skipped] The test requires a tig compiled with readline
      TEST  test/main/search-test
            | Failed 9 out of 9 test(s)
            | [stderr] tig: Not implemented in Rust yet: 0
            | [FAIL] unexpected status code: 1 (should be 0)
            | [FAIL] main-search-author.screen != expected/main-search-author.screen
            | diff --git a/expected/main-search-author.screen b/main-search-author.screen
            | index e420107..3eb9bc2 100644
            | --- a/expected/main-search-author.screen
            | +++ b/main-search-author.screen
            | @@ -1,15 +1,15 @@
            | -2010-04-07 05:37 +0000 Max Power             o [master] {origin/master} {origin/
            | -2010-03-29 17:15 +0000 Jørgen Thygesen Brahe o Commit 10 D
            | -2010-03-21 04:53 +0000 作者                  o Commit 10 C
            | -2010-03-12 16:31 +0000 René Lévesque         o Commit 10 B
            | -2010-03-04 04:09 +0000 A. U. Thor            o Commit 10 A
            | -2010-02-23 15:46 +0000 Max Power             o Commit 9 E
            | -2010-02-15 03:24 +0000 Jørgen Thygesen Brahe o Commit 9 D
            | -2010-02-06 15:02 +0000 作者                  o Commit 9 C
            | -2010-01-29 02:40 +0000 René Lévesque         o Commit 9 B
            | -2010-01-20 14:18 +0000 A. U. Thor            o Commit 9 A
            | -2010-01-12 01:56 +0000 Max Power             o Commit 8 E
            | -2010-01-03 13:33 +0000 Jørgen Thygesen Brahe o Commit 8 D
            | -2009-12-26 01:11 +0000 作者                  o Commit 8 C
            | -2009-12-17 12:49 +0000 René Lévesque         o <v1.0> Commit 8 B
            | -[main] 8d53d6a41f8540749c0db5d0b53e48d2f178dce4 - commit 3 of 50             28%
            | +2010-04-07T05:37:40Z Max Power          ∙ [HEAD -> master, origin/master, origin
            | +2010-03-29T17:15:30Z Jørgen Thygesen Brahe ∙ Commit 10 D
            | +2010-03-21T04:53:20Z 作者                 ∙ Commit 10 C
            | +2010-03-12T16:31:10Z René Lévesque      ∙ Commit 10 B
            | +2010-03-04T04:09:00Z A. U. Thor         ∙ Commit 10 A
            | +2010-02-23T15:46:50Z Max Power          ∙ Commit 9 E
            | +2010-02-15T03:24:40Z Jørgen Thygesen Brahe ∙ Commit 9 D
            | +2010-02-06T15:02:30Z 作者                 ∙ Commit 9 C
            | +2010-01-29T02:40:20Z René Lévesque      ∙ Commit 9 B
            | +2010-01-20T14:18:10Z A. U. Thor         ∙ Commit 9 A
            | +2010-01-12T01:56:00Z Max Power          ∙ Commit 8 E
            | +2010-01-03T13:33:50Z Jørgen Thygesen Brahe ∙ Commit 8 D
            | +2009-12-26T01:11:40Z 作者                 ∙ Commit 8 C
            | +2009-12-17T12:49:30Z René Lévesque      ∙ [tag: v1.0] Commit 8 B
            | +[main] 1 of 50
            | [FAIL] main-search-author-empty.screen != expected/main-search-author-empty.screen
            | diff --git a/expected/main-search-author-empty.screen b/main-search-author-empty.screen
            | index 5129618..3eb9bc2 100644
            | --- a/expected/main-search-author-empty.screen
            | +++ b/main-search-author-empty.screen
            | @@ -1,15 +1,15 @@
            | -2010-04-07 05:37 +0000 Max Power             o [master] {origin/master} {origin/
            | -2010-03-29 17:15 +0000 Jørgen Thygesen Brahe o Commit 10 D
            | -2010-03-21 04:53 +0000 作者                  o Commit 10 C
            | -2010-03-12 16:31 +0000 René Lévesque         o Commit 10 B
            | -2010-03-04 04:09 +0000 A. U. Thor            o Commit 10 A
            | -2010-02-23 15:46 +0000 Max Power             o Commit 9 E
            | -2010-02-15 03:24 +0000 Jørgen Thygesen Brahe o Commit 9 D
            | -2010-02-06 15:02 +0000 作者                  o Commit 9 C
            | -2010-01-29 02:40 +0000 René Lévesque         o Commit 9 B
            | -2010-01-20 14:18 +0000 A. U. Thor            o Commit 9 A
            | -2010-01-12 01:56 +0000 Max Power             o Commit 8 E
            | -2010-01-03 13:33 +0000 Jørgen Thygesen Brahe o Commit 8 D
            | -2009-12-26 01:11 +0000 作者                  o Commit 8 C
            | -2009-12-17 12:49 +0000 René Lévesque         o <v1.0> Commit 8 B
            | -[main] 711615619913109be8fd85f2c378839acaa6db11 - commit 8 of 50             28%
            | +2010-04-07T05:37:40Z Max Power          ∙ [HEAD -> master, origin/master, origin
            | +2010-03-29T17:15:30Z Jørgen Thygesen Brahe ∙ Commit 10 D
            | +2010-03-21T04:53:20Z 作者                 ∙ Commit 10 C
            | +2010-03-12T16:31:10Z René Lévesque      ∙ Commit 10 B
            | +2010-03-04T04:09:00Z A. U. Thor         ∙ Commit 10 A
            | +2010-02-23T15:46:50Z Max Power          ∙ Commit 9 E
            | +2010-02-15T03:24:40Z Jørgen Thygesen Brahe ∙ Commit 9 D
            | +2010-02-06T15:02:30Z 作者                 ∙ Commit 9 C
            | +2010-01-29T02:40:20Z René Lévesque      ∙ Commit 9 B
            | +2010-01-20T14:18:10Z A. U. Thor         ∙ Commit 9 A
            | +2010-01-12T01:56:00Z Max Power          ∙ Commit 8 E
            | +2010-01-03T13:33:50Z Jørgen Thygesen Brahe ∙ Commit 8 D
            | +2009-12-26T01:11:40Z 作者                 ∙ Commit 8 C
            | +2009-12-17T12:49:30Z René Lévesque      ∙ [tag: v1.0] Commit 8 B
            | +[main] 1 of 50
            | [FAIL] main-search-author-find-next.screen != expected/main-search-author-find-next.screen
            | diff --git a/expected/main-search-author-find-next.screen b/main-search-author-find-next.screen
            | index 1ccfc30..3eb9bc2 100644
            | --- a/expected/main-search-author-find-next.screen
            | +++ b/main-search-author-find-next.screen
            | @@ -1,15 +1,15 @@
            | -2010-04-07 05:37 +0000 Max Power             o [master] {origin/master} {origin/
            | -2010-03-29 17:15 +0000 Jørgen Thygesen Brahe o Commit 10 D
            | -2010-03-21 04:53 +0000 作者                  o Commit 10 C
            | -2010-03-12 16:31 +0000 René Lévesque         o Commit 10 B
            | -2010-03-04 04:09 +0000 A. U. Thor            o Commit 10 A
            | -2010-02-23 15:46 +0000 Max Power             o Commit 9 E
            | -2010-02-15 03:24 +0000 Jørgen Thygesen Brahe o Commit 9 D
            | -2010-02-06 15:02 +0000 作者                  o Commit 9 C
            | -2010-01-29 02:40 +0000 René Lévesque         o Commit 9 B
            | -2010-01-20 14:18 +0000 A. U. Thor            o Commit 9 A
            | -2010-01-12 01:56 +0000 Max Power             o Commit 8 E
            | -2010-01-03 13:33 +0000 Jørgen Thygesen Brahe o Commit 8 D
            | -2009-12-26 01:11 +0000 作者                  o Commit 8 C
            | -2009-12-17 12:49 +0000 René Lévesque         o <v1.0> Commit 8 B
            | -[main] b45b5704c34dbd4c5fd89d58d45238ad136ae166 - commit 13 of 50            28%
            | +2010-04-07T05:37:40Z Max Power          ∙ [HEAD -> master, origin/master, origin
            | +2010-03-29T17:15:30Z Jørgen Thygesen Brahe ∙ Commit 10 D
            | +2010-03-21T04:53:20Z 作者                 ∙ Commit 10 C
            | +2010-03-12T16:31:10Z René Lévesque      ∙ Commit 10 B
            | +2010-03-04T04:09:00Z A. U. Thor         ∙ Commit 10 A
            | +2010-02-23T15:46:50Z Max Power          ∙ Commit 9 E
            | +2010-02-15T03:24:40Z Jørgen Thygesen Brahe ∙ Commit 9 D
            | +2010-02-06T15:02:30Z 作者                 ∙ Commit 9 C
            | +2010-01-29T02:40:20Z René Lévesque      ∙ Commit 9 B
            | +2010-01-20T14:18:10Z A. U. Thor         ∙ Commit 9 A
            | +2010-01-12T01:56:00Z Max Power          ∙ Commit 8 E
            | +2010-01-03T13:33:50Z Jørgen Thygesen Brahe ∙ Commit 8 D
            | +2009-12-26T01:11:40Z 作者                 ∙ Commit 8 C
            | +2009-12-17T12:49:30Z René Lévesque      ∙ [tag: v1.0] Commit 8 B
            | +[main] 1 of 50
            | [FAIL] main-search-title.screen not found
            | [FAIL] main-search-title-no-match.screen not found
            | [FAIL] main-search-refs.screen not found
            | [FAIL] main-search-time.screen not found
            | [FAIL] main-search-smart-case.screen not found
      TEST  test/main/show-changes-after-rename-test
            | Failed 1 out of 1 test(s)
            | [FAIL] default.screen != expected/default.screen
            | diff --git a/expected/default.screen b/default.screen
            | index 12d1ef8..c26c581 100644
            | --- a/expected/default.screen
            | +++ b/default.screen
            | @@ -1,3 +1,3 @@
            | -2014-05-25 19:42 +0000 Not Committed Yet o Staged changes
            | -2009-02-13 23:31 +0000 Committer I [master] commit1
            | -[main] Staged changes                                                       100%
            | +2009-02-13T23:31:30Z Committer          ◎ [HEAD -> master] commit1
            | +
            | +[main] 1 of 1
      TEST  test/main/show-changes-test
            | Failed 10 out of 10 test(s)
            | [stderr] tig: HOME/.tigrc:1: Invalid value for vertical-split: no
            | [stderr] tig: Not implemented in Rust yet: /b.c CHANGED
            | [FAIL] unexpected status code: 1 (should be 0)
            | [FAIL] main-with-unstaged.screen != expected/main-with-unstaged.screen
            | diff --git a/expected/main-with-unstaged.screen b/main-with-unstaged.screen
            | index 88a8209..4b75218 100644
            | --- a/expected/main-with-unstaged.screen
            | +++ b/main-with-unstaged.screen
            | @@ -1,5 +1,4 @@
            | -2014-05-25 19:42 +0000 Not Committed Yet o Unstaged changes
            | -2009-02-13 23:31 +0000 A. U. Thor        I [master] Initial commit
            | +2009-02-13T23:31:30Z A. U. Thor         ◎ [HEAD -> master] Initial commit
            |  
            |  
            |  
            | @@ -12,4 +11,5 @@
            |  
            |  
            |  
            | -[main] Unstaged changes                                                     100%
            | +
            | +[main] 1 of 1
            | [FAIL] main-with-unstaged-split.screen != expected/main-with-unstaged-split.screen
            | diff --git a/expected/main-with-unstaged-split.screen b/main-with-unstaged-split.screen
            | index a5664d5..ba912a8 100644
            | --- a/expected/main-with-unstaged-split.screen
            | +++ b/main-with-unstaged-split.screen
            | @@ -1,15 +1,15 @@
            | -2014-05-25 19:42 +0000 Not Committed Yet o Unstaged changes
            | -2009-02-13 23:31 +0000 A. U. Thor        I [master] Initial commit
            | +commit ca34b8bb5a0034fc5b5ab9840f74cae1fab2c3a9
            | +Author:     A. U. Thor <a.u.thor@example.com>
            | +AuthorDate: Fri Feb 13 23:31:30 2009 +0000
            | +Commit:     Committer <c.ommitter@example.net>
            | +CommitDate: Fri Feb 13 23:31:30 2009 +0000
            |  
            | -
            | -[main] Unstaged changes                                                     100%
            | - .j  | 6 ++----
            | - a   | 6 ++----
            | - b.c | 6 ++----
            | - e/f | 6 ++----
            | - g h | 6 ++----
            | - 5 files changed, 10 insertions(+), 20 deletions(-)
            | -
            | -diff --git a/.j b/.j
            | -index e697dfd..9d8ef3d 100644
            | -[stage] Press '<Enter>' to jump to file diff - line 1 of 107                  8%
            | +    Initial commit
            | +---
            | + .gitignore |  1 +
            | + .j         | 11 +++++++++++
            | + a          | 11 +++++++++++
            | + b.c        | 11 +++++++++++
            | + e/f        | 11 +++++++++++
            | + g h        | 11 +++++++++++
            | +[diff] 1 of 113
            | [FAIL] main-with-unstaged-and-staged-split.screen not found
            | [FAIL] main-with-staged.screen not found
            | [FAIL] main-with-staged-split.screen not found
            | [FAIL] main-with-staged-and-unstaged.screen not found
            | [FAIL] main-with-renamed.screen not found
            | [FAIL] main-with-conflict.screen not found
            | [FAIL] main-all-refs.screen not found
      TEST  test/main/start-on-line-test
            | Failed 1 out of 1 test(s)
            | [FAIL] position.screen != expected/position.screen
            | diff --git a/expected/position.screen b/position.screen
            | index cba30ad..96cc752 100644
            | --- a/expected/position.screen
            | +++ b/position.screen
            | @@ -1,29 +1,29 @@
            | -2013-10-29 18:46 +0100 Sébastien Doeraene │ ∙ Update for new groupId and package
            | -2013-10-27 23:05 -0400 Jonas Fonseca      ∙─╯ Add JavaScript benchmark reference
            | -2013-10-27 18:12 -0400 Jonas Fonseca      ∙ Add check sum calculation for verify
            | -2013-10-26 12:54 -0400 Jonas Fonseca      ∙ Add Scala.js LICENSE file and a cool
            | -2013-10-25 22:08 -0400 Jonas Fonseca      ∙ Add script to build and run all benc
            | -2013-10-25 20:29 -0400 Jonas Fonseca      ∙ Support node as a JavaScript engine
            | -2013-10-25 00:34 -0400 Jonas Fonseca      ∙ Run benchmarks for a fixed number of
            | -2013-10-24 23:50 -0400 Jonas Fonseca      ∙ Rework the benchmark runner and add
            | -2013-10-20 00:23 -0700 Jonas Fonseca      ∙ Add DeltaBlue benchmark
            | -2013-10-18 17:18 -0400 Jonas Fonseca      ∙ Tidyup indentation
            | -2013-10-18 17:18 -0400 Jonas Fonseca      ∙ Use case class apply constructor whe
            | -2013-10-18 07:00 -0700 Jonas Fonseca      ●─╮ Merge pull request #1 from sjrd/pa
            | -2013-10-18 11:39 +0200 Sébastien Doeraene │ ∙ Fix the "./run.sh opt" invocation.
            | -2013-10-17 20:34 -0400 Jonas Fonseca      ∙─╯ Add Richards benchmark
            | -2013-10-17 20:29 -0400 Jonas Fonseca      ∙ Simplify render scene loop by using
            | -2013-10-17 20:27 -0400 Jonas Fonseca      ∙ Make the run shell script infrastruc
            | -2013-10-17 20:25 -0400 Jonas Fonseca      ∙ Simplify creation of new benchmark p
            | -2013-10-14 16:37 -0400 Jonas Fonseca      ∙ Add link to the github pages
            | -2013-10-14 16:19 -0400 Jonas Fonseca      ∙ Add .gitignore file
            | -2013-10-14 16:09 -0400 Jonas Fonseca      ∙ Move description of the optimizeJS w
            | -2013-10-14 14:56 -0400 Jonas Fonseca      ◎ Initial import of Tracer benchmark
            | - 
            | - 
            | - 
            | - 
            | - 
            | - 
            | - 
            | -[main] f02430d55d469abb9313734bacd2611f2384fe65 - commit 42 of 48           100%
            | +2013-11-26T22:03:45-05:00 Jonas Fonseca      ∙ Move benchmark registration to Sc
            | +2013-11-26T20:13:10-05:00 Jonas Fonseca      ∙ Rename projects to be grouped tog
            | +2013-11-19T21:56:14-05:00 Jonas Fonseca      ∙ sudoku: use iterator instead of T
            | +2013-11-11T21:56:05-05:00 Jonas Fonseca      ∙ Add verification of sudoku soluti
            | +2013-11-11T21:50:53-05:00 Jonas Fonseca      ∙ Use stream to halt when first sud
            | +2013-11-11T01:11:01-05:00 Jonas Fonseca      ∙ Add initial version of sudoku ben
            | +2013-11-05T23:20:40-05:00 Jonas Fonseca      ∙ Reformat code using Scala IDE
            | +2013-11-05T20:41:09-05:00 Jonas Fonseca      ∙ Update exports.js files to use ne
            | +2013-11-03T23:48:50-05:00 Jonas Fonseca      ∙ Add support for PhantomJS
            | +2013-11-03T23:11:13-05:00 Jonas Fonseca      ∙ Make the engine stubs file option
            | +2013-11-03T22:44:42-05:00 Jonas Fonseca      ∙ Refactor the benchmark shell code
            | +2013-10-29T17:29:26-07:00 Jonas Fonseca      ●─╮ Merge pull request #2 from sjrd
            | +2013-10-29T18:48:19+01:00 Sébastien Doeraene │ ∙ Remove workaround to support No
            | +2013-10-29T18:46:52+01:00 Sébastien Doeraene │ ∙ Update for new groupId and pack
            | +2013-10-27T23:05:01-04:00 Jonas Fonseca      ∙─╯ Add JavaScript benchmark refere
            | +2013-10-27T18:12:14-04:00 Jonas Fonseca      ∙ Add check sum calculation for ver
            | +2013-10-26T12:54:20-04:00 Jonas Fonseca      ∙ Add Scala.js LICENSE file and a c
            | +2013-10-25T22:08:47-04:00 Jonas Fonseca      ∙ Add script to build and run all b
            | +2013-10-25T20:29:50-04:00 Jonas Fonseca      ∙ Support node as a JavaScript engi
            | +2013-10-25T00:34:34-04:00 Jonas Fonseca      ∙ Run benchmarks for a fixed number
            | +2013-10-24T23:44:32-04:00 Jonas Fonseca      ∙ Rework the benchmark runner and a
            | +2013-10-18T18:00:05-04:00 Jonas Fonseca      ∙ Add DeltaBlue benchmark
            | +2013-10-17T23:11:08-04:00 Jonas Fonseca      ∙ Tidyup indentation
            | +2013-10-17T23:09:44-04:00 Jonas Fonseca      ∙ Use case class apply constructor 
            | +2013-10-18T07:00:39-07:00 Jonas Fonseca      ●─╮ Merge pull request #1 from sjrd
            | +2013-10-18T11:39:41+02:00 Sébastien Doeraene │ ∙ Fix the "./run.sh opt" invocati
            | +2013-10-17T20:34:13-04:00 Jonas Fonseca      ∙─╯ Add Richards benchmark
            | +2013-10-17T20:29:27-04:00 Jonas Fonseca      ∙ Simplify render scene loop by usi
            | +[main] 42 of 48
      TEST  test/main/stdin-test
            | Failed 1 out of 1 test(s)
            | [FAIL] main-stdin.screen != expected/main-stdin.screen
            | diff --git a/expected/main-stdin.screen b/main-stdin.screen
            | index 905b4a8..4c16bd5 100644
            | --- a/expected/main-stdin.screen
            | +++ b/main-stdin.screen
            | @@ -1,8 +1,8 @@
            | -2010-01-12 01:56 +0000 Max Power             Commit 8 E
            | -2010-01-03 13:33 +0000 Jørgen Thygesen Brahe Commit 8 D
            | -2009-12-26 01:11 +0000 作者                  Commit 8 C
            | -2009-12-17 12:49 +0000 René Lévesque         <v1.0> Commit 8 B
            | -2009-12-09 00:27 +0000 A. U. Thor            Commit 8 A
            | +d9a8c8b1e52ba7f1673cebb271f1fc0bdac3579b
            | +545eb1fa92b902b6799e2a1691419c3158254a0a
            | +b45b5704c34dbd4c5fd89d58d45238ad136ae166
            | +957f2b368e6fa5c0757f36b1441e32729ee5e9c7
            | +bb547b114762a30235cee10ca364edcef8c2595c
            |  
            |  
            |  
            | @@ -12,4 +12,4 @@
            |  
            |  
            |  
            | -[main] d9a8c8b1e52ba7f1673cebb271f1fc0bdac3579b - commit 1 of 5             100%
            | +[pager] 1 of 5
      TEST  test/main/submodule-test
            | Failed 3 out of 3 test(s)
            | [stderr] tig: HOME/.tigrc:2: Invalid value for vertical-split: no
            | [stderr] tig: Not implemented in Rust yet: set diff-options = --submodule
            | [FAIL] unexpected status code: 1 (should be 0)
            | [FAIL] main-submodule.screen != expected/main-submodule.screen
            | diff --git a/expected/main-submodule.screen b/main-submodule.screen
            | index dbd6a95..74d8607 100644
            | --- a/expected/main-submodule.screen
            | +++ b/main-submodule.screen
            | @@ -1,14 +1,4 @@
            | -feeb2df [repo-two] Integrate feature from repo-two-a, repo-two-b, repo-two-c
            | -7f9d74d [repo-two] Integrate feature from repo-two-b
            | -2bbde7f [repo-two] Integrate feature from repo-two-a, repo-two-c
            | -3a2603a [repo-two] Creating repository
            | -9bb0f0d [repo-two] Commit 2
            | -4f3cb50 [repo-two] Commit 1
            | -a9db5c5 [repo-two] Commit 0
            | -
            | -[main] feeb2dfd5e09e887e4b6c901e7d91a4c85a7831d - commit 1 of 7             100%
            |  commit feeb2dfd5e09e887e4b6c901e7d91a4c85a7831d
            | -Refs: [master], {origin/master}, {origin/HEAD}
            |  Author:     A. U. Thor <a.u.thor@example.com>
            |  AuthorDate: Sun Sep 6 08:23:30 2009 +0000
            |  Commit:     Committer <c.ommitter@example.net>
            | @@ -43,4 +33,14 @@ index cd41885..e4b7821 160000
            |  -Subproject commit cd41885fa2b86fa6aae5308bba55c76a97498dcc
            |  +Subproject commit e4b78219ea174bc0c7f97024cf18fc1e6c08013a
            |  
            | -[diff] feeb2dfd5e09e887e4b6c901e7d91a4c85a7831d - line 1 of 35              100%
            | +
            | +
            | +
            | +
            | +
            | +
            | +
            | +
            | +
            | +
            | +[diff] 1 of 34
            | [FAIL] main-submodule-diff.screen not found
      TEST  test/main/unbind-default-quit-key-test
            | Failed 1 out of 4 test(s)
            | [stderr] tig: Not implemented in Rust yet: exec @touch gh-483-main-q-noquit
            | [FAIL] unexpected status code: 1 (should be 0)
            |   [OK] work-dir/gh-483-main-q-noquit does not exist
            |   [OK] work-dir/gh-483-generic-qb-executed does not exist
            |   [OK] work-dir/gh-483-main-qa-executed does not exist
      TEST  test/main/untracked-test
            | Failed 2 out of 2 test(s)
            | [stderr] tig: HOME/.tigrc:1: Invalid value for vertical-split: no
            | [FAIL] start.screen != expected/start.screen
            | diff --git a/expected/start.screen b/start.screen
            | index eaced98..daf5253 100644
            | --- a/expected/start.screen
            | +++ b/start.screen
            | @@ -1,7 +1,4 @@
            | -2014-05-25 19:42 +0000 Not Committed Yet o Untracked changes
            | -2014-05-25 19:42 +0000 Not Committed Yet o Unstaged changes
            | -2014-05-25 19:42 +0000 Not Committed Yet o Staged changes
            | -2009-02-13 23:31 +0000 A. U. Thor        I [master] Initial commit
            | +2009-02-13T23:31:30Z A. U. Thor         ◎ [HEAD -> master] Initial commit
            |  
            |  
            |  
            | @@ -16,4 +13,7 @@
            |  
            |  
            |  
            | -[main] Untracked changes                                                    100%
            | +
            | +
            | +
            | +[main] 1 of 1
            | [FAIL] result.screen != expected/result.screen
            | diff --git a/expected/result.screen b/result.screen
            | index d8d46cf..63b4c92 100644
            | --- a/expected/result.screen
            | +++ b/result.screen
            | @@ -1,19 +1,19 @@
            | -2014-05-25 19:42 +0000 Not Committed Yet o Untracked changes
            | -2014-05-25 19:42 +0000 Not Committed Yet o Unstaged changes
            | -2014-05-25 19:42 +0000 Not Committed Yet o Staged changes
            | -2009-02-13 23:31 +0000 A. U. Thor        I [master] Initial commit
            | -
            | -
            | -[main] Untracked changes                                                    100%
            | -On branch master
            | -Untracked files:
            | -? z
            | -
            | -
            | -
            | -
            | -
            | -
            | -
            | -
            | -[status] Nothing to update                                                  100%
            | +commit ca34b8bb5a0034fc5b5ab9840f74cae1fab2c3a9
            | +Author:     A. U. Thor <a.u.thor@example.com>
            | +AuthorDate: Fri Feb 13 23:31:30 2009 +0000
            | +Commit:     Committer <c.ommitter@example.net>
            | +CommitDate: Fri Feb 13 23:31:30 2009 +0000
            | +
            | +    Initial commit
            | +---
            | + .gitignore |  1 +
            | + .j         | 11 +++++++++++
            | + a          | 11 +++++++++++
            | + b.c        | 11 +++++++++++
            | + e/f        | 11 +++++++++++
            | + g h        | 11 +++++++++++
            | + 6 files changed, 56 insertions(+)
            | +
            | +diff --git a/.gitignore b/.gitignore
            | +new file mode 100644
            | +[diff] 1 of 113
      TEST  test/main/update-unstaged-changes-test
            | Failed 3 out of 3 test(s)
            | [stderr] tig: HOME/.tigrc:1: Invalid value for vertical-split: no
            | [stderr] tig: Not implemented in Rust yet: :/^@@
            | [FAIL] unexpected status code: 1 (should be 0)
            | [FAIL] start.screen != expected/start.screen
            | diff --git a/expected/start.screen b/start.screen
            | index 9b49efa..c868104 100644
            | --- a/expected/start.screen
            | +++ b/start.screen
            | @@ -1,4 +1,4 @@
            | -2014-05-25 19:42 +0000 Not Committed Yet o Unstaged changes
            | -2009-02-13 23:31 +0000 A. U. Thor        I [master] Initial commit
            | +2009-02-13T23:31:30Z A. U. Thor         ◎ [HEAD -> master] Initial commit
            |  
            | -[main] Unstaged changes                                                     100%
            | +
            | +[main] 1 of 1
            | [FAIL] result.screen not found
      TEST  test/main/vertical-lines-test
            | Failed 4 out of 4 test(s)
            | [stderr] tig: Not implemented in Rust yet: set main-view-line-number-display = yes
            | [FAIL] unexpected status code: 1 (should be 0)
            | [FAIL] main-verticals-ascii.screen not found
            | [FAIL] main-verticals-default.screen not found
            | [FAIL] main-verticals-utf8.screen not found
      TEST  test/main/view-split-test
            | Failed 5 out of 5 test(s)
            | [stderr] tig: Not implemented in Rust yet: toggle split-view-width +25%
            | [FAIL] unexpected status code: 1 (should be 0)
            | [FAIL] main-vsplit-default.screen != expected/main-vsplit-default.screen
            | diff --git a/expected/main-vsplit-default.screen b/main-vsplit-default.screen
            | index cc50834..2fa18f1 100644
            | --- a/expected/main-vsplit-default.screen
            | +++ b/main-vsplit-default.screen
            | @@ -1,17 +1,17 @@
            | -2010-04-07 05:37 +0000 Max Power        |commit 5cb3412a5e06e506840495b91acc8850
            | -2010-03-29 17:15 +0000 Jørgen Thygesen B|Refs: [master], {origin/master}, {origi
            | -2010-03-21 04:53 +0000 作者             |Author:     Max Power <power123@example
            | -2010-03-12 16:31 +0000 René Lévesque    |AuthorDate: Wed Apr 7 05:37:40 2010 +00
            | -2010-03-04 04:09 +0000 A. U. Thor       |Commit:     Committer <c.ommitter@examp
            | -2010-02-23 15:46 +0000 Max Power        |CommitDate: Wed Apr 7 05:37:40 2010 +00
            | -2010-02-15 03:24 +0000 Jørgen Thygesen B|
            | -2010-02-06 15:02 +0000 作者             |    Commit 10 E
            | -2010-01-29 02:40 +0000 René Lévesque    |
            | -2010-01-20 14:18 +0000 A. U. Thor       |
            | -2010-01-12 01:56 +0000 Max Power        |
            | -2010-01-03 13:33 +0000 Jørgen Thygesen B|
            | -2009-12-26 01:11 +0000 作者             |
            | -2009-12-17 12:49 +0000 René Lévesque    |
            | -2009-12-09 00:27 +0000 A. U. Thor       |
            | -2009-11-30 12:05 +0000 Max Power        |
            | -[main] 5cb3412a5e06e506840495b91acc8 32%|[diff] 5cb3412a5e06e506840495b91ac 100%
            | +commit 5cb3412a5e06e506840495b91acc885037a48b72
            | +Author:     Max Power <power123@example.org>
            | +AuthorDate: Wed Apr 7 05:37:40 2010 +0000
            | +Commit:     Committer <c.ommitter@example.net>
            | +CommitDate: Wed Apr 7 05:37:40 2010 +0000
            | +
            | +    Commit 10 E
            | +
            | +
            | +
            | +
            | +
            | +
            | +
            | +
            | +
            | +[diff] 1 of 7
            | [FAIL] main-vsplit-25-75.screen not found
            | [FAIL] main-hsplit-default.screen not found
            | [FAIL] main-hsplit-50-50.screen not found
      TEST  test/prompt/exec-test
      CASE  test/prompt/exec-test:exec-without-arg-doesnt-crash
      CASE  test/prompt/exec-test:exec-only-flags-doesnt-crash
            | Failed 6 out of 6 test(s)
            | [stderr] [exec-without-arg-doesnt-crash] tig: Not implemented in Rust yet: exec
            | [stderr] [exec-only-flags-doesnt-crash] tig: Not implemented in Rust yet: exec !
            | [FAIL] unexpected status code: 1 (should be 0)
            | [FAIL] exec-without-arg-doesnt-crash.screen not found
            | [FAIL] exec-without-arg-doesnt-crash.stderr != expected/exec-without-arg-doesnt-crash.stderr
            | diff --git a/expected/exec-without-arg-doesnt-crash.stderr b/exec-without-arg-doesnt-crash.stderr
            | index e69de29..5fb20d6 100644
            | --- a/expected/exec-without-arg-doesnt-crash.stderr
            | +++ b/exec-without-arg-doesnt-crash.stderr
            | @@ -0,0 +1 @@
            | +tig: Not implemented in Rust yet: exec
            | [FAIL] unexpected status code: 1 (should be 0)
            | [FAIL] exec-only-flags-doesnt-crash.screen not found
            | [FAIL] exec-only-flags-doesnt-crash.stderr != expected/exec-only-flags-doesnt-crash.stderr
            | diff --git a/expected/exec-only-flags-doesnt-crash.stderr b/exec-only-flags-doesnt-crash.stderr
            | index e69de29..96c07df 100644
            | --- a/expected/exec-only-flags-doesnt-crash.stderr
            | +++ b/exec-only-flags-doesnt-crash.stderr
            | @@ -0,0 +1 @@
            | +tig: Not implemented in Rust yet: exec !
      TEST  test/reflog/default-test
            | Failed 2 out of 2 test(s)
            | [stderr] tig: Not implemented in Rust yet: exec @git checkout r1.0
            | [FAIL] unexpected status code: 1 (should be 0)
            | [FAIL] reflog-default.screen not found
      TEST  test/refs/branch-checkout-test
            | Failed 8 out of 8 test(s)
            | [stderr] tig: Not implemented in Rust yet: 3
            | [FAIL] unexpected status code: 1 (should be 0)
            | [FAIL] 19455fa3642af6a6a7d527dd043caf5a70eaad2d.refinfo not found
            | [FAIL] this_is_really_a_long_long_long_long_long_long_long_branch.head not found
            | [FAIL] a3f25ca556c1cef1ef3a0704f5deaec8687c84b9.refinfo not found
            | [FAIL] this_is_really_a_long_long_long_long_long_long_long_tag.head not found
            | [FAIL] refs-init.screen != expected/refs-init.screen
            | diff --git a/expected/refs-init.screen b/refs-init.screen
            | index e6592ce..27b8cb7 100644
            | --- a/expected/refs-init.screen
            | +++ b/refs-init.screen
            | @@ -1,8 +1,8 @@
            | -                                     All references
            | -2010-04-07 05:37 +0000 Max Power     master                                                     Comm
            | -2010-03-04 04:09 +0000 A. U. Thor    this_is_really_a_long_long_long_long_long_long_long_branch Comm
            | -2010-04-07 05:37 +0000 Max Power     origin/master                                              Comm
            | -2010-04-07 05:37 +0000 Max Power     origin/HEAD                                                Comm
            | -2010-01-20 14:18 +0000 A. U. Thor    this_is_really_a_long_long_long_long_long_long_long_tag    Comm
            | -2009-12-17 12:49 +0000 René Lévesque v1.0                                                       Comm
            | -[refs] All references                                                                           100%
            | +* 5cb3412a refs/heads/master
            | +  19455fa3 refs/heads/this_is_really_a_long_long_long_long_long_long_long_branch
            | +  5cb3412a refs/remotes/origin/HEAD
            | +  5cb3412a refs/remotes/origin/master
            | +  a3f25ca5 refs/tags/this_is_really_a_long_long_long_long_long_long_long_tag
            | +  957f2b36 refs/tags/v1.0
            | +
            | +[refs] 1 of 6
            | [FAIL] refs-checked-out-branch.screen not found
            | [FAIL] refs-checked-out-tag.screen not found
      TEST  test/refs/branch-tag-test
            | Failed 1 out of 1 test(s)
            | [FAIL] refs-initial.screen != expected/refs-initial.screen
            | diff --git a/expected/refs-initial.screen b/refs-initial.screen
            | index e2da006..fbbda3b 100644
            | --- a/expected/refs-initial.screen
            | +++ b/refs-initial.screen
            | @@ -1,17 +1,17 @@
            | -                                     All references
            | -2010-04-07 05:37 +0000 Max Power     master               Commit 10 E
            | -2009-02-13 23:31 +0000 Max Power     mp/feature           WIP: feature
            | -2009-12-26 01:11 +0000 作者          r1.1.2               Commit 8 C
            | -2009-12-26 01:11 +0000 作者          r1.1.x               Commit 8 C
            | -2009-12-17 12:49 +0000 René Lévesque r1.0                 Commit 8 B
            | -2010-03-12 16:31 +0000 René Lévesque v2.0                 Commit 10 B
            | -2010-04-07 05:37 +0000 Max Power     origin/master        Commit 10 E
            | -2010-04-07 05:37 +0000 Max Power     max-power/master     Commit 10 E
            | -2009-02-13 23:31 +0000 Max Power     max-power/mp/feature WIP: feature
            | -2009-11-30 12:05 +0000 Max Power     max-power/mp/gh-123  Commit 7 E
            | -2010-04-07 05:37 +0000 Max Power     origin/HEAD          Commit 10 E
            | -2010-01-12 01:56 +0000 Max Power     mp/good              Commit 8 E
            | -2010-03-04 04:09 +0000 A. U. Thor    refs/tags/v2.0       Commit 10 A
            | -2010-03-12 16:31 +0000 René Lévesque v2.0.1               Commit 10 B
            | -2010-01-20 14:18 +0000 A. U. Thor    v1.1.1               Commit 9 A
            | -[refs] All references                                                        88%
            | +* 5cb3412a refs/heads/master
            | +  042f71a7 refs/heads/mp/feature
            | +  957f2b36 refs/heads/r1.0
            | +  b45b5704 refs/heads/r1.1.2
            | +  b45b5704 refs/heads/r1.1.x
            | +  51b75803 refs/heads/v2.0
            | +  5cb3412a refs/remotes/max-power/master
            | +  042f71a7 refs/remotes/max-power/mp/feature
            | +  aabf230c refs/remotes/max-power/mp/gh-123
            | +  5cb3412a refs/remotes/origin/HEAD
            | +  5cb3412a refs/remotes/origin/master
            | +  d9a8c8b1 refs/tags/mp/good
            | +  957f2b36 refs/tags/v1.0
            | +  b45b5704 refs/tags/v1.1
            | +  a3f25ca5 refs/tags/v1.1.1
            | +  19455fa3 refs/tags/v2.0
            | +[refs] 1 of 17
      TEST  test/refs/branch-var-test
<workspace>/work/tig-build/test/tools/libtest.sh: line 403: vars: No such file or directory
            | Failed 2 out of 2 test(s)
            | [stderr] tig: Not implemented in Rust yet: 1
            | [FAIL] unexpected status code: 1 (should be 0)
            | [FAIL] vars_assert_count != expected/vars_assert_count
            | diff --git a/expected/vars_assert_count b/vars_assert_count
            | index e69de29..1e8b314 100644
            | --- a/expected/vars_assert_count
            | +++ b/vars_assert_count
            | @@ -0,0 +1 @@
            | +6
make: *** [test/refs/branch-var-test] Error 1
      TEST  test/refs/default-test
            | Failed 3 out of 3 test(s)
            | [stderr] tig: Not implemented in Rust yet: toggle line-number
            | [FAIL] unexpected status code: 1 (should be 0)
            | [FAIL] refs-default.screen != expected/refs-default.screen
            | diff --git a/expected/refs-default.screen b/refs-default.screen
            | index 792459f..b599f1f 100644
            | --- a/expected/refs-default.screen
            | +++ b/refs-default.screen
            | @@ -1,17 +1,17 @@
            | -                                     All references
            | -2010-04-07 05:37 +0000 Max Power     master               Commit 10 E
            | -2009-02-13 23:31 +0000 Max Power     mp/feature           WIP: feature
            | -2009-12-26 01:11 +0000 作者          r1.1.2               Commit 8 C
            | -2009-12-26 01:11 +0000 作者          r1.1.x               Commit 8 C
            | -2009-12-17 12:49 +0000 René Lévesque r1.0                 Commit 8 B
            | -2010-04-07 05:37 +0000 Max Power     origin/master        Commit 10 E
            | -2010-04-07 05:37 +0000 Max Power     max-power/master     Commit 10 E
            | -2009-02-13 23:31 +0000 Max Power     max-power/mp/feature WIP: feature
            | -2009-11-30 12:05 +0000 Max Power     max-power/mp/gh-123  Commit 7 E
            | -2010-04-07 05:37 +0000 Max Power     origin/HEAD          Commit 10 E
            | -2010-01-12 01:56 +0000 Max Power     mp/good              Commit 8 E
            | -2010-03-12 16:31 +0000 René Lévesque v2.0.1               Commit 10 B
            | -2010-03-04 04:09 +0000 A. U. Thor    v2.0                 Commit 10 A
            | -2010-01-20 14:18 +0000 A. U. Thor    v1.1.1               Commit 9 A
            | -2009-12-26 01:11 +0000 作者          v1.1                 Commit 8 C
            | -[refs] All references                                                        94%
            | +* 5cb3412a refs/heads/master
            | +  042f71a7 refs/heads/mp/feature
            | +  957f2b36 refs/heads/r1.0
            | +  b45b5704 refs/heads/r1.1.2
            | +  b45b5704 refs/heads/r1.1.x
            | +  5cb3412a refs/remotes/max-power/master
            | +  042f71a7 refs/remotes/max-power/mp/feature
            | +  aabf230c refs/remotes/max-power/mp/gh-123
            | +  5cb3412a refs/remotes/origin/HEAD
            | +  5cb3412a refs/remotes/origin/master
            | +  d9a8c8b1 refs/tags/mp/good
            | +  957f2b36 refs/tags/v1.0
            | +  b45b5704 refs/tags/v1.1
            | +  a3f25ca5 refs/tags/v1.1.1
            | +  19455fa3 refs/tags/v2.0
            | +  51b75803 refs/tags/v2.0.1
            | +[refs] 1 of 16
            | [FAIL] refs-with-line-number.screen not found
      TEST  test/refs/filter-test
            | Failed 2 out of 2 test(s)
            | [FAIL] main.screen != expected/main.screen
            | diff --git a/expected/main.screen b/main.screen
            | index 556ff61..b7b0a03 100644
            | --- a/expected/main.screen
            | +++ b/main.screen
            | @@ -1,8 +1,8 @@
            | -2009-02-13 23:31 +0000 Committer I [master] [my-branch2] {origin/my-branch2} <my-tag2> [refs/my-raw-ref2] Initial commit
            | +2009-02-13T23:31:30Z Committer          ◎ [HEAD -> master, tag: my-tag2, tag: my-tag1, origin/my-branch2, origin/my-bran
            |  
            |  
            |  
            |  
            |  
            |  
            | -[main] 174877369ea7af366da2ebcedd63d7a00d8046ea - commit 1 of 1  100%
            | +[main] 1 of 1
            | [FAIL] refs.screen != expected/refs.screen
            | diff --git a/expected/refs.screen b/refs.screen
            | index e1437cb..22563b5 100644
            | --- a/expected/refs.screen
            | +++ b/refs.screen
            | @@ -1,8 +1,8 @@
            | -  All references
            | -  master
            | -  my-branch2
            | -  origin/my-branch2
            | -  my-tag2
            | -  refs/my-raw-ref2
            | -
            | -[refs] All references  100%
            | +* 17487736 refs/heads/master
            | +  17487736 refs/heads/my-branch1
            | +  17487736 refs/heads/my-branch2
            | +  17487736 refs/my-raw-ref1
            | +  17487736 refs/my-raw-ref2
            | +  17487736 refs/remotes/origin/my-branch1
            | +  17487736 refs/remotes/origin/my-branch2
            | +[refs] 1 of 9
      TEST  test/refs/refresh-test
            | Failed 4 out of 4 test(s)
            | [stderr] tig: Not implemented in Rust yet: exec @git branch -M feature-1 feature-one
            | [FAIL] unexpected status code: 1 (should be 0)
            | [FAIL] refs-initial.screen != expected/refs-initial.screen
            | diff --git a/expected/refs-initial.screen b/refs-initial.screen
            | index f381edc..dfab29f 100644
            | --- a/expected/refs-initial.screen
            | +++ b/refs-initial.screen
            | @@ -1,17 +1,17 @@
            | -                                     All references
            | -2010-04-07 05:37 +0000 Max Power     master               Commit 10 E
            | -2009-10-18 22:14 +0000 Max Power     feature-2            Commit 6 E
            | -2010-01-12 01:56 +0000 Max Power     feature-1            Commit 8 E
            | -2009-02-13 23:31 +0000 Max Power     mp/feature           WIP: feature
            | -2009-12-26 01:11 +0000 作者          r1.1.2               Commit 8 C
            | -2009-12-26 01:11 +0000 作者          r1.1.x               Commit 8 C
            | -2009-12-17 12:49 +0000 René Lévesque r1.0                 Commit 8 B
            | -2010-04-07 05:37 +0000 Max Power     origin/master        Commit 10 E
            | -2010-04-07 05:37 +0000 Max Power     max-power/master     Commit 10 E
            | -2009-02-13 23:31 +0000 Max Power     max-power/mp/feature WIP: feature
            | -2009-11-30 12:05 +0000 Max Power     max-power/mp/gh-123  Commit 7 E
            | -2010-04-07 05:37 +0000 Max Power     origin/HEAD          Commit 10 E
            | -2010-01-12 01:56 +0000 Max Power     mp/good              Commit 8 E
            | -2010-03-12 16:31 +0000 René Lévesque v2.0.1               Commit 10 B
            | -2010-03-04 04:09 +0000 A. U. Thor    v2.0                 Commit 10 A
            | -[refs] All references                                                        84%
            | +  d9a8c8b1 refs/heads/feature-1
            | +  e5dc265e refs/heads/feature-2
            | +* 5cb3412a refs/heads/master
            | +  042f71a7 refs/heads/mp/feature
            | +  957f2b36 refs/heads/r1.0
            | +  b45b5704 refs/heads/r1.1.2
            | +  b45b5704 refs/heads/r1.1.x
            | +  5cb3412a refs/remotes/max-power/master
            | +  042f71a7 refs/remotes/max-power/mp/feature
            | +  aabf230c refs/remotes/max-power/mp/gh-123
            | +  5cb3412a refs/remotes/origin/HEAD
            | +  5cb3412a refs/remotes/origin/master
            | +  d9a8c8b1 refs/tags/mp/good
            | +  957f2b36 refs/tags/v1.0
            | +  b45b5704 refs/tags/v1.1
            | +  a3f25ca5 refs/tags/v1.1.1
            | +[refs] 1 of 18
            | [FAIL] refs-after-move-add.screen not found
            | [FAIL] refs-after-delete-reset.screen not found
      TEST  test/refs/replace-test
            | Failed 2 out of 2 test(s)
            | [stderr] tig: HOME/.tigrc:1: Unknown option: refs-view-id
            | [stderr] tig: HOME/.tigrc:2: Unknown option: main-view-id
            | [FAIL] refs.screen != expected/refs.screen
            | diff --git a/expected/refs.screen b/refs.screen
            | index a407569..056c1bc 100644
            | --- a/expected/refs.screen
            | +++ b/refs.screen
            | @@ -1,9 +1,11 @@
            | -                                             All references
            | -5cb3412 2010-04-07 05:37 +0000 Max Power     master         Commit 10 E
            | -5cb3412 2010-04-07 05:37 +0000 Max Power     origin/master  Commit 10 E
            | -5cb3412 2010-04-07 05:37 +0000 Max Power     origin/HEAD    Commit 10 E
            | -957f2b3 2009-12-17 12:49 +0000 René Lévesque v1.0           Commit 8 B
            | -d9a8c8b 2009-10-18 22:14 +0000 Max Power     not-replace    Commit 6 E
            | +* 5cb3412a refs/heads/master
            | +  d9a8c8b1 refs/heads/not-replace
            | +  5cb3412a refs/remotes/origin/HEAD
            | +  5cb3412a refs/remotes/origin/master
            | +  5b6d8c8e refs/replace/20539404ec7c9dc7a5d1bd844167cf463f63f977
            | +  257a506d refs/replace/5d9d565b5dbe26f6ea5c96fbccd0b823b2314a0d
            | +  e5dc265e refs/replace/d9a8c8b1e52ba7f1673cebb271f1fc0bdac3579b
            | +  957f2b36 refs/tags/v1.0
            |  
            |  
            |  
            | @@ -12,6 +14,4 @@ d9a8c8b 2009-10-18 22:14 +0000 Max Power     not-replace    Commit 6 E
            |  
            |  
            |  
            | - 
            | - 
            | -[refs] All references                                                       100%
            | +[refs] 1 of 8
            | [FAIL] main.screen != expected/main.screen
            | diff --git a/expected/main.screen b/main.screen
            | index 3166e87..037ee01 100644
            | --- a/expected/main.screen
            | +++ b/main.screen
            | @@ -1,17 +1,17 @@
            | -5cb3412 2010-04-07 05:37 +0000 Max Power             o [master] {origin/master}
            | -2843bfd 2010-03-29 17:15 +0000 Jørgen Thygesen Brahe o Commit 10 D
            | -8d53d6a 2010-03-21 04:53 +0000 作者                  o Commit 10 C
            | -51b7580 2010-03-12 16:31 +0000 René Lévesque         o Commit 10 B
            | -19455fa 2010-03-04 04:09 +0000 A. U. Thor            o Commit 10 A
            | -276c3a4 2010-02-23 15:46 +0000 Max Power             o Commit 9 E
            | -5633519 2010-02-15 03:24 +0000 Jørgen Thygesen Brahe o Commit 9 D
            | -7116156 2010-02-06 15:02 +0000 作者                  o Commit 9 C
            | -9927870 2010-01-29 02:40 +0000 René Lévesque         o Commit 9 B
            | -a3f25ca 2010-01-20 14:18 +0000 A. U. Thor            o Commit 9 A
            | -d9a8c8b 2009-10-18 22:14 +0000 Max Power             o ~not-replace~ Commit 6 E
            | -02e1e72 2009-10-10 09:52 +0000 Jørgen Thygesen Brahe o Commit 6 D
            | -5d9d565 2009-09-23 09:07 +0000 René Lévesque         o ~replaced~ Commit 6 B
            | -2ba9ed5 2009-09-14 20:45 +0000 A. U. Thor            o Commit 6 A
            | -2053940 2009-07-25 18:32 +0000 Max Power             o ~replaced~ Commit 4 E
            | -ceac6c2 2009-07-17 06:10 +0000 Jørgen Thygesen Brahe o Commit 4 D
            | -[main] 5cb3412a5e06e506840495b91acc885037a48b72 - commit 1 of 34             47%
            | +2010-04-07T05:37:40Z Max Power          ∙ [HEAD -> master, origin/master, origin
            | +2010-03-29T17:15:30Z Jørgen Thygesen Brahe ∙ Commit 10 D
            | +2010-03-21T04:53:20Z 作者                 ∙ Commit 10 C
            | +2010-03-12T16:31:10Z René Lévesque      ∙ Commit 10 B
            | +2010-03-04T04:09:00Z A. U. Thor         ∙ Commit 10 A
            | +2010-02-23T15:46:50Z Max Power          ∙ Commit 9 E
            | +2010-02-15T03:24:40Z Jørgen Thygesen Brahe ∙ Commit 9 D
            | +2010-02-06T15:02:30Z 作者                 ∙ Commit 9 C
            | +2010-01-29T02:40:20Z René Lévesque      ∙ Commit 9 B
            | +2010-01-20T14:18:10Z A. U. Thor         ∙ Commit 9 A
            | +2009-10-18T22:14:20Z Max Power          ∙ [replaced, not-replace] Commit 6 E
            | +2009-10-10T09:52:10Z Jørgen Thygesen Brahe ∙ Commit 6 D
            | +2009-09-23T09:07:50Z René Lévesque      ∙ [replaced] Commit 6 B
            | +2009-09-14T20:45:40Z A. U. Thor         ∙ Commit 6 A
            | +2009-07-25T18:32:40Z Max Power          ∙ [replaced] Commit 4 E
            | +2009-07-17T06:10:30Z Jørgen Thygesen Brahe ∙ Commit 4 D
            | +[main] 1 of 34
      TEST  test/refs/start-on-line-test
            | Failed 1 out of 1 test(s)
            | [FAIL] position.screen != expected/position.screen
            | diff --git a/expected/position.screen b/position.screen
            | index d47fb0a..3d6abb6 100644
            | --- a/expected/position.screen
            | +++ b/position.screen
            | @@ -1,29 +1,29 @@
            | -2013-11-19 21:56 -0500 Jonas Fonseca ref-15         sudoku: use iterator instead
            | -2013-11-26 20:13 -0500 Jonas Fonseca ref-14         Rename projects to be groupe
            | -2013-11-26 22:24 -0500 Jonas Fonseca ref-13         Move benchmark registration
            | -2013-11-26 22:52 -0500 Jonas Fonseca ref-12         Fix reference setup to work
            | -2013-11-26 22:55 -0500 Jonas Fonseca ref-11         Exclude Sudoku when running
            | -2013-11-26 23:22 -0500 Jonas Fonseca ref-10         Disable phantomjs by default
            | -2013-11-26 23:33 -0500 Jonas Fonseca ref-9          Solve the easiest sudoku gri
            | -2013-11-26 23:39 -0500 Jonas Fonseca ref-8          Extract the benchmark list v
            | -2013-12-03 23:35 -0500 Jonas Fonseca ref-7          Use Scala.js 0.2-SNAPSHOT
            | -2013-12-17 00:10 +0100 Jonas Fonseca ref-6          Update links to reflect proj
            | -2014-01-16 07:47 -0800 Jonas Fonseca ref-5          Merge pull request #4 from p
            | -2014-01-16 17:39 -0500 Jonas Fonseca ref-4          Integrate app code into the
            | -2014-01-16 17:43 -0500 Jonas Fonseca ref-3          Bump Scala.js version to 0.3
            | -2014-01-16 22:51 -0500 Jonas Fonseca ref-2          Move classes under org.scala
            | -2014-03-01 15:59 -0500 Jonas Fonseca ref-1          Add type parameter for js.Dy
            | - 
            | - 
            | - 
            | - 
            | - 
            | - 
            | - 
            | - 
            | - 
            | - 
            | - 
            | - 
            | - 
            | -[refs] a1dcf1aaa11470978db1d5d8bcf9e16201eb70ff - reference 41 of 41        100%
            | +  cec0b942 refs/heads/ref-20
            | +  2ef3e194 refs/heads/ref-21
            | +  5d09d620 refs/heads/ref-22
            | +  b18796bb refs/heads/ref-23
            | +  4ea96d23 refs/heads/ref-24
            | +  67a31d03 refs/heads/ref-25
            | +  91ffed22 refs/heads/ref-26
            | +  80761526 refs/heads/ref-27
            | +  57d1bcb3 refs/heads/ref-28
            | +  6fc03722 refs/heads/ref-29
            | +  b4ad81f1 refs/heads/ref-3
            | +  d24cc698 refs/heads/ref-30
            | +  758fae41 refs/heads/ref-31
            | +  b103989d refs/heads/ref-32
            | +  596010f5 refs/heads/ref-33
            | +  7df48d39 refs/heads/ref-34
            | +  0b89f799 refs/heads/ref-35
            | +  4edd0693 refs/heads/ref-36
            | +  f02430d5 refs/heads/ref-37
            | +  70c31953 refs/heads/ref-38
            | +  f7075ed4 refs/heads/ref-39
            | +  4a68cf3c refs/heads/ref-4
            | +  47b3bf58 refs/heads/ref-40
            | +  e59a941c refs/heads/ref-5
            | +  110e090f refs/heads/ref-6
            | +  894a53e0 refs/heads/ref-7
            | +  c819b08e refs/heads/ref-8
            | +  5bd6df66 refs/heads/ref-9
            | +[refs] 41 of 41
      TEST  test/refs/worktree-test
            | Failed 1 out of 1 test(s)
            | [FAIL] worktree.screen != expected/worktree.screen
            | diff --git a/expected/worktree.screen b/worktree.screen
            | index 9a781ad..936dae8 100644
            | --- a/expected/worktree.screen
            | +++ b/worktree.screen
            | @@ -1,8 +1,8 @@
            | -                                     All references
            | -2010-04-07 05:37 +0000 Max Power     dev            Commit 10 E
            | -2010-04-07 05:37 +0000 Max Power     master         Commit 10 E
            | -2010-04-07 05:37 +0000 Max Power     origin/HEAD    Commit 10 E
            | -2010-04-07 05:37 +0000 Max Power     origin/master  Commit 10 E
            | -2009-12-17 12:49 +0000 René Lévesque v1.0           Commit 8 B
            | +* 5cb3412a refs/heads/dev
            | +  5cb3412a refs/heads/master
            | +  5cb3412a refs/remotes/origin/HEAD
            | +  5cb3412a refs/remotes/origin/master
            | +  957f2b36 refs/tags/v1.0
            |  
            | -[refs] All references                                                       100%
            | +
            | +[refs] 1 of 5
      TEST  test/regressions/github-1136-test
      CASE  test/regressions/github-1136-test:bang-cmdlineargs-doesnt-crash
      CASE  test/regressions/github-1136-test:echo-cmdlineargs-doesnt-crash
      CASE  test/regressions/github-1136-test:bang-fileargs-doesnt-crash
      CASE  test/regressions/github-1136-test:echo-fileargs-doesnt-crash
            | Failed 12 out of 12 test(s)
            | [stderr] [bang-cmdlineargs-doesnt-crash] tig: Not implemented in Rust yet: !%(cmdlineargs)
            | [stderr] [echo-cmdlineargs-doesnt-crash] tig: Not implemented in Rust yet: echo %(cmdlineargs)
            | [stderr] [bang-fileargs-doesnt-crash] tig: Not implemented in Rust yet: !%(fileargs)
            | [stderr] [echo-fileargs-doesnt-crash] tig: Not implemented in Rust yet: echo %(fileargs)
            | [FAIL] unexpected status code: 1 (should be 0)
            | [FAIL] bang-cmdlineargs-doesnt-crash.screen not found
            | [FAIL] bang-cmdlineargs-doesnt-crash.stderr != expected/bang-cmdlineargs-doesnt-crash.stderr
            | diff --git a/expected/bang-cmdlineargs-doesnt-crash.stderr b/bang-cmdlineargs-doesnt-crash.stderr
            | index e69de29..be3f819 100644
            | --- a/expected/bang-cmdlineargs-doesnt-crash.stderr
            | +++ b/bang-cmdlineargs-doesnt-crash.stderr
            | @@ -0,0 +1 @@
            | +tig: Not implemented in Rust yet: !%(cmdlineargs)
            | [FAIL] unexpected status code: 1 (should be 0)
            | [FAIL] echo-cmdlineargs-doesnt-crash.screen not found
            | [FAIL] echo-cmdlineargs-doesnt-crash.stderr != expected/echo-cmdlineargs-doesnt-crash.stderr
            | diff --git a/expected/echo-cmdlineargs-doesnt-crash.stderr b/echo-cmdlineargs-doesnt-crash.stderr
            | index e69de29..470a923 100644
            | --- a/expected/echo-cmdlineargs-doesnt-crash.stderr
            | +++ b/echo-cmdlineargs-doesnt-crash.stderr
            | @@ -0,0 +1 @@
            | +tig: Not implemented in Rust yet: echo %(cmdlineargs)
            | [FAIL] unexpected status code: 1 (should be 0)
            | [FAIL] bang-fileargs-doesnt-crash.screen not found
            | [FAIL] bang-fileargs-doesnt-crash.stderr != expected/bang-fileargs-doesnt-crash.stderr
            | diff --git a/expected/bang-fileargs-doesnt-crash.stderr b/bang-fileargs-doesnt-crash.stderr
            | index e69de29..cf9b849 100644
            | --- a/expected/bang-fileargs-doesnt-crash.stderr
            | +++ b/bang-fileargs-doesnt-crash.stderr
            | @@ -0,0 +1 @@
            | +tig: Not implemented in Rust yet: !%(fileargs)
            | [FAIL] unexpected status code: 1 (should be 0)
            | [FAIL] echo-fileargs-doesnt-crash.screen not found
            | [FAIL] echo-fileargs-doesnt-crash.stderr != expected/echo-fileargs-doesnt-crash.stderr
            | diff --git a/expected/echo-fileargs-doesnt-crash.stderr b/echo-fileargs-doesnt-crash.stderr
            | index e69de29..de201be 100644
            | --- a/expected/echo-fileargs-doesnt-crash.stderr
            | +++ b/echo-fileargs-doesnt-crash.stderr
            | @@ -0,0 +1 @@
            | +tig: Not implemented in Rust yet: echo %(fileargs)
      TEST  test/regressions/github-370-test
      TEST  test/regressions/github-390-test
            | Failed 3 out of 3 test(s)
            | [stderr] tig: Not implemented in Rust yet: exec @git tag Marke
            | [FAIL] unexpected status code: 1 (should be 0)
            | [FAIL] initial.screen != expected/initial.screen
            | diff --git a/expected/initial.screen b/initial.screen
            | index 097fbdf..f4e2ff5 100644
            | --- a/expected/initial.screen
            | +++ b/initial.screen
            | @@ -1,2 +1,2 @@
            | -2009-02-13 23:31 +0000 Committer I [master] {origin/master} {origin/HEAD} committed
            | -[main] 6b55d08be93000f4bdf67f74177ab14f590910d4 - commit 1 of 1                       100%
            | +2009-02-13T23:31:30Z Committer          ◎ [HEAD -> master, origin/master, origin/HEAD] com
            | +[main] 1 of 1
            | [FAIL] tagged.screen not found
      TEST  test/regressions/github-434-test
            | Failed 4 out of 4 test(s)
            | [stderr] tig: Not implemented in Rust yet: toggle vertical-split
            | [FAIL] unexpected status code: 1 (should be 0)
            | [FAIL] vsplit-auto.screen != expected/vsplit-auto.screen
            | diff --git a/expected/vsplit-auto.screen b/vsplit-auto.screen
            | index 5923d03..cd02277 100644
            | --- a/expected/vsplit-auto.screen
            | +++ b/vsplit-auto.screen
            | @@ -1,29 +1,29 @@
            | -2010-04-07 05:37 +0000 Max Power             o [master] {origin/master} {origin/|commit 5cb3412a5e06e506840495b91acc885037a48b72
            | -2010-03-29 17:15 +0000 Jørgen Thygesen Brahe o Commit 10 D                      |Refs: [master], {origin/master}, {origin/HEAD}, v1.0-13-g5cb3412
            | -2010-03-21 04:53 +0000 作者                  o Commit 10 C                      |Author:     Max Power <power123@example.org>
            | -2010-03-12 16:31 +0000 René Lévesque         o Commit 10 B                      |AuthorDate: Wed Apr 7 05:37:40 2010 +0000
            | -2010-03-04 04:09 +0000 A. U. Thor            o Commit 10 A                      |Commit:     Committer <c.ommitter@example.net>
            | -2010-02-23 15:46 +0000 Max Power             o Commit 9 E                       |CommitDate: Wed Apr 7 05:37:40 2010 +0000
            | -2010-02-15 03:24 +0000 Jørgen Thygesen Brahe o Commit 9 D                       |
            | -2010-02-06 15:02 +0000 作者                  o Commit 9 C                       |    Commit 10 E
            | -2010-01-29 02:40 +0000 René Lévesque         o Commit 9 B                       |
            | -2010-01-20 14:18 +0000 A. U. Thor            o Commit 9 A                       |
            | -2010-01-12 01:56 +0000 Max Power             o Commit 8 E                       |
            | -2010-01-03 13:33 +0000 Jørgen Thygesen Brahe o Commit 8 D                       |
            | -2009-12-26 01:11 +0000 作者                  o Commit 8 C                       |
            | -2009-12-17 12:49 +0000 René Lévesque         o <v1.0> Commit 8 B                |
            | -2009-12-09 00:27 +0000 A. U. Thor            o Commit 8 A                       |
            | -2009-11-30 12:05 +0000 Max Power             o Commit 7 E                       |
            | -2009-11-21 23:43 +0000 Jørgen Thygesen Brahe o Commit 7 D                       |
            | -2009-11-13 11:20 +0000 作者                  o Commit 7 C                       |
            | -2009-11-04 22:58 +0000 René Lévesque         o Commit 7 B                       |
            | -2009-10-27 10:36 +0000 A. U. Thor            o Commit 7 A                       |
            | -2009-10-18 22:14 +0000 Max Power             o Commit 6 E                       |
            | -2009-10-10 09:52 +0000 Jørgen Thygesen Brahe o Commit 6 D                       |
            | -2009-10-01 21:30 +0000 作者                  o Commit 6 C                       |
            | -2009-09-23 09:07 +0000 René Lévesque         o Commit 6 B                       |
            | -2009-09-14 20:45 +0000 A. U. Thor            o Commit 6 A                       |
            | -2009-09-06 08:23 +0000 Max Power             o Commit 5 E                       |
            | -2009-08-28 20:01 +0000 Jørgen Thygesen Brahe o Commit 5 D                       |
            | -2009-08-20 07:39 +0000 作者                  o Commit 5 C                       |
            | -[main] 5cb3412a5e06e506840495b91acc885037a48b72 - commit 1 of 50             56%|[diff] 5cb3412a5e06e506840495b91acc885037a48b72 - line 1 of 8              100%
            | +commit 5cb3412a5e06e506840495b91acc885037a48b72
            | +Author:     Max Power <power123@example.org>
            | +AuthorDate: Wed Apr 7 05:37:40 2010 +0000
            | +Commit:     Committer <c.ommitter@example.net>
            | +CommitDate: Wed Apr 7 05:37:40 2010 +0000
            | +
            | +    Commit 10 E
            | +
            | +
            | +
            | +
            | +
            | +
            | +
            | +
            | +
            | +
            | +
            | +
            | +
            | +
            | +
            | +
            | +
            | +
            | +
            | +
            | +
            | +[diff] 1 of 7
            | [FAIL] hsplit.screen not found
            | [FAIL] vsplit.screen not found
      TEST  test/script/comment-test
            | Failed 2 out of 2 test(s)
            | [stderr] tig: Not implemented in Rust yet: set line-graphics = ascii
            | [FAIL] unexpected status code: 1 (should be 0)
            | [FAIL] main.screen not found
      TEST  test/script/default-test
            | Failed 3 out of 6 test(s)
            | [stderr] tig: Unsupported view: close-no-quit
            |   [OK] segfault-regression-for-bc4f8e83c590058641c9e1654db300798e9cd106.stderr assertion
            | [FAIL] unexpected status code: 1 (should be 0)
            | [FAIL] view-close-no-quit-should-not-close-tig.stderr != expected/view-close-no-quit-should-not-close-tig.stderr
            | diff --git a/expected/view-close-no-quit-should-not-close-tig.stderr b/view-close-no-quit-should-not-close-tig.stderr
            | index e69de29..04df462 100644
            | --- a/expected/view-close-no-quit-should-not-close-tig.stderr
            | +++ b/view-close-no-quit-should-not-close-tig.stderr
            | @@ -0,0 +1 @@
            | +tig: Unsupported view: close-no-quit
            | [FAIL] view-is-open != expected/view-is-open
            | diff --git a/expected/view-is-open b/view-is-open
            | index 095b5f4..e69de29 100644
            | --- a/expected/view-is-open
            | +++ b/view-is-open
            | @@ -1 +0,0 @@
            | -view not closed
            |   [OK] view-close-should-close-tig.stderr assertion
            |   [OK] view-is-closed assertion
      TEST  test/stage/default-test
test/stage/default-test: line 100: staged-changes-shortcut.screen: No such file or directory
            | Failed 2 out of 2 test(s)
            | [stderr] tig: Not implemented in Rust yet: 2
            | [FAIL] unexpected status code: 1 (should be 0)
            | [FAIL] status.screen != expected/status.screen
            | diff --git a/expected/status.screen b/status.screen
            | index 3c90946..62764cf 100644
            | --- a/expected/status.screen
            | +++ b/status.screen
            | @@ -1,4 +1,3 @@
            | -On branch master
            |  Changes to be committed:
            |    M .j
            |    M a
            | @@ -6,8 +5,6 @@ Changes not staged for commit:
            |    M b.c
            |    M e/f
            |    M g h
            | -Untracked files:
            | -  (no files)
            |  
            |  
            |  
            | @@ -16,4 +13,7 @@ Untracked files:
            |  
            |  
            |  
            | -[status] Nothing to update                                                  100%
            | +
            | +
            | +
            | +[status] 1 of 7
make: *** [test/stage/default-test] Error 1
      TEST  test/stage/gh-410-test
            | Failed 4 out of 4 test(s)
            | [stderr] tig: Not implemented in Rust yet: 5
            | [FAIL] unexpected status code: 1 (should be 0)
            | [FAIL] status-before.screen != expected/status-before.screen
            | diff --git a/expected/status-before.screen b/status-before.screen
            | index d754a43..d5ac840 100644
            | --- a/expected/status-before.screen
            | +++ b/status-before.screen
            | @@ -1,11 +1,11 @@
            | -On branch master
            |  Changes to be committed:
            | -  (no files)
            |  Changes not staged for commit:
            |    M hello.txt
            | -Untracked files:
            | -  (no files)
            |  
            |  
            |  
            | -[status] Nothing to update                                                  100%
            | +
            | +
            | +
            | +
            | +[status] 1 of 3
            | [FAIL] unstaged-changes.screen not found
            | [FAIL] status-after.screen not found
      TEST  test/stage/maximized-unstaged-changes-test
            | Failed 2 out of 2 test(s)
            | [stderr] tig: HOME/.tigrc:1: Invalid value for vertical-split: no
            | [FAIL] split.screen != expected/split.screen
            | diff --git a/expected/split.screen b/split.screen
            | index aabf7d5..f8d6ec5 100644
            | --- a/expected/split.screen
            | +++ b/split.screen
            | @@ -1,11 +1,11 @@
            | -2014-05-25 19:42 +0000 Not Committed Yet o Unstaged changes
            | -2009-02-13 23:31 +0000 A. U. Thor        I [master] Initial commit
            | +commit ca34b8bb5a0034fc5b5ab9840f74cae1fab2c3a9
            | +Author:     A. U. Thor <a.u.thor@example.com>
            | +AuthorDate: Fri Feb 13 23:31:30 2009 +0000
            | +Commit:     Committer <c.ommitter@example.net>
            | +CommitDate: Fri Feb 13 23:31:30 2009 +0000
            |  
            | -[main] Unstaged changes                                                     100%
            | - .j  | 6 ++----
            | - a   | 6 ++----
            | - b.c | 6 ++----
            | - e/f | 6 ++----
            | - g h | 6 ++----
            | - 5 files changed, 10 insertions(+), 20 deletions(-)
            | -[stage] Press '<Enter>' to jump to file diff - line 1 of 107                  5%
            | +    Initial commit
            | +---
            | + .gitignore |  1 +
            | + .j         | 11 +++++++++++
            | +[diff] 1 of 113
            | [FAIL] maximized.screen != expected/maximized.screen
            | diff --git a/expected/maximized.screen b/maximized.screen
            | index a815621..f8d6ec5 100644
            | --- a/expected/maximized.screen
            | +++ b/maximized.screen
            | @@ -1,11 +1,11 @@
            | - .j  | 6 ++----
            | - a   | 6 ++----
            | - b.c | 6 ++----
            | - e/f | 6 ++----
            | - g h | 6 ++----
            | - 5 files changed, 10 insertions(+), 20 deletions(-)
            | +commit ca34b8bb5a0034fc5b5ab9840f74cae1fab2c3a9
            | +Author:     A. U. Thor <a.u.thor@example.com>
            | +AuthorDate: Fri Feb 13 23:31:30 2009 +0000
            | +Commit:     Committer <c.ommitter@example.net>
            | +CommitDate: Fri Feb 13 23:31:30 2009 +0000
            |  
            | -diff --git a/.j b/.j
            | -index e697dfd..9d8ef3d 100644
            | ---- a/.j
            | -[stage] Press '<Enter>' to jump to file diff - line 1 of 107                  9%
            | +    Initial commit
            | +---
            | + .gitignore |  1 +
            | + .j         | 11 +++++++++++
            | +[diff] 1 of 113
      TEST  test/stage/split-chunk-test
            | Failed 3 out of 3 test(s)
            | [stderr] tig: Not implemented in Rust yet: 6
            | [FAIL] unexpected status code: 1 (should be 0)
            | [FAIL] default-diff.screen not found
            | [FAIL] split-diff.screen not found
      TEST  test/stage/update-part-test
            | Failed 6 out of 6 test(s)
            | [stderr] tig: Not implemented in Rust yet: 6
            | [FAIL] unexpected status code: 1 (should be 0)
            | [FAIL] default-diff.screen not found
            | [FAIL] update-part-any.screen not found
            | [FAIL] update-part-first.screen not found
            | [FAIL] update-part-last.screen not found
            | [FAIL] update-part-single.screen not found
      TEST  test/stash/start-on-line-test
            | Failed 1 out of 1 test(s)
            | [FAIL] position.screen != expected/position.screen
            | diff --git a/expected/position.screen b/position.screen
            | index 785d088..602b0bc 100644
            | --- a/expected/position.screen
            | +++ b/position.screen
            | @@ -1,13 +1,13 @@
            | -Committer On master: Stash #10
            | -Committer On master: Stash #9
            | -Committer On master: Stash #8
            | -Committer On master: Stash #7
            | -Committer On master: Stash #6
            | -Committer On master: Stash #5
            | -Committer On master: Stash #4
            | -Committer On master: Stash #3
            | -Committer On master: Stash #2
            | -Committer On master: Stash #1
            | +stash@{0}: On master: Stash #10
            | +stash@{1}: On master: Stash #9
            | +stash@{2}: On master: Stash #8
            | +stash@{3}: On master: Stash #7
            | +stash@{4}: On master: Stash #6
            | +stash@{5}: On master: Stash #5
            | +stash@{6}: On master: Stash #4
            | +stash@{7}: On master: Stash #3
            | +stash@{8}: On master: Stash #2
            | +stash@{9}: On master: Stash #1
            |  
            |  
            |  
            | @@ -26,4 +26,4 @@ Committer On master: Stash #1
            |  
            |  
            |  
            | -[stash] stash@{9} - stash 10 of 10                                          100%
            | +[stash] 10 of 10
      TEST  test/status/file-filter-test
      CASE  test/status/file-filter-test:status-path-filter
test/status/file-filter-test: line 54: <workspace>/work/tig-build/test/tmp/status/file-filter-test/trace: No such file or directory
            | Failed 1 out of 2 test(s)
            | [FAIL] status-path-filter.screen != expected/status-path-filter.screen
            | diff --git a/expected/status-path-filter.screen b/status-path-filter.screen
            | index 5c643ad..1d50332 100644
            | --- a/expected/status-path-filter.screen
            | +++ b/status-path-filter.screen
            | @@ -1,9 +1,8 @@
            | -On branch master
            |  Changes to be committed:
            | -  (no files)
            |  Changes not staged for commit:
            | +  M other/staged
            |    M subdir/staged
            | -Untracked files:
            | +  ? other/untracked
            |    ? subdir/untracked
            |  
            |  
            | @@ -11,4 +10,5 @@ Untracked files:
            |  
            |  
            |  
            | -[status] Nothing to update                                                                                          100%
            | +
            | +[status] 1 of 6
            |   [OK] status-path-filter.stderr assertion
make: *** [test/status/file-filter-test] Error 1
      TEST  test/status/file-name-test
            | Failed 6 out of 6 test(s)
            | [stderr] tig: Not implemented in Rust yet: 7
            | [FAIL] unexpected status code: 1 (should be 0)
            | [FAIL] status-with-untracked.screen != expected/status-with-untracked.screen
            | diff --git a/expected/status-with-untracked.screen b/status-with-untracked.screen
            | index c1d7d28..99d0c92 100644
            | --- a/expected/status-with-untracked.screen
            | +++ b/status-with-untracked.screen
            | @@ -1,9 +1,5 @@
            | -Initial commit
            |  Changes to be committed:
            | -  (no files)
            |  Changes not staged for commit:
            | -  (no files)
            | -Untracked files:
            |    ? 0
            |    ? a
            |    ? as测试asd
            | @@ -11,4 +7,8 @@ Untracked files:
            |    ? 可愛いコー特集
            |  
            |  
            | -[status] Nothing to update                                                                                          100%
            | +
            | +
            | +
            | +
            | +[status] 1 of 7
            | [FAIL] status-with-file-0.screen not found
            | [FAIL] status-with-file-1.screen not found
            | [FAIL] status-with-file-2.screen not found
            | [FAIL] status-with-file-3.screen not found
      TEST  test/status/file-var-test
            | Failed 3 out of 3 test(s)
            | [stderr] tig: HOME/.tigrc:1: Invalid value for vertical-split: no
            | [stderr] tig: Not implemented in Rust yet: /e/f
            | [FAIL] unexpected status code: 1 (should be 0)
            | [FAIL] before-rm-file.screen != expected/before-rm-file.screen
            | diff --git a/expected/before-rm-file.screen b/before-rm-file.screen
            | index a3b6b44..b7504bd 100644
            | --- a/expected/before-rm-file.screen
            | +++ b/before-rm-file.screen
            | @@ -1,15 +1,15 @@
            | -On branch master
            |  Changes to be committed:
            | -  (no files)
            |  Changes not staged for commit:
            |    M .j
            |    M a
            |    M b.c
            |    M e/f
            |    M g h
            | -Untracked files:
            | -  (no files)
            |  
            |  
            |  
            | -[status] Nothing to update                                                  100%
            | +
            | +
            | +
            | +
            | +[status] 1 of 7
            | [FAIL] after-rm-file.screen not found
      TEST  test/status/on-branch-test
      CASE  test/status/on-branch-test:on-branch-master
      CASE  test/status/on-branch-test:bisecting-master
      CASE  test/status/on-branch-test:on-detached-head
      CASE  test/status/on-branch-test:on-detached-tag
      CASE  test/status/on-branch-test:merging-master
      CASE  test/status/on-branch-test:rebasing-master
      CASE  test/status/on-branch-test:applying-mailbox-to-master
      CASE  test/status/on-branch-test:interactive-rebase-of-branch
            | Failed 17 out of 25 test(s)
            | [stderr] [all] tig: Not implemented in Rust yet: exec @git checkout master
            | [FAIL] on-branch-master.screen != expected/on-branch-master.screen
            | diff --git a/expected/on-branch-master.screen b/on-branch-master.screen
            | index 4a0887b..8fc9404 100644
            | --- a/expected/on-branch-master.screen
            | +++ b/on-branch-master.screen
            | @@ -1,9 +1,9 @@
            | -On branch master
            |  Changes to be committed:
            | -  (no files)
            |  Changes not staged for commit:
            | -  (no files)
            | -Untracked files:
            | -  (no files)
            |  
            | -[status] Nothing to update                                                  100%
            | +
            | +
            | +
            | +
            | +
            | +[status] 1 of 2
            |   [OK] on-branch-master.stderr assertion
            | [FAIL] bisecting-master.screen != expected/bisecting-master.screen
            | diff --git a/expected/bisecting-master.screen b/bisecting-master.screen
            | index 1ce7a2b..8fc9404 100644
            | --- a/expected/bisecting-master.screen
            | +++ b/bisecting-master.screen
            | @@ -1,9 +1,9 @@
            | -Bisecting master
            |  Changes to be committed:
            | -  (no files)
            |  Changes not staged for commit:
            | -  (no files)
            | -Untracked files:
            | -  (no files)
            |  
            | -[status] Nothing to update                                                  100%
            | +
            | +
            | +
            | +
            | +
            | +[status] 1 of 2
            |   [OK] bisecting-master.stderr assertion
            | [FAIL] on-detached-head.screen != expected/on-detached-head.screen
            | diff --git a/expected/on-detached-head.screen b/on-detached-head.screen
            | index 7dfc406..8fc9404 100644
            | --- a/expected/on-detached-head.screen
            | +++ b/on-detached-head.screen
            | @@ -1,9 +1,9 @@
            | -HEAD detached at 988c77aad5798f1e087e5d7efe3b3319ee6de744
            |  Changes to be committed:
            | -  (no files)
            |  Changes not staged for commit:
            | -  (no files)
            | -Untracked files:
            | -  (no files)
            |  
            | -[status] Nothing to update                                                  100%
            | +
            | +
            | +
            | +
            | +
            | +[status] 1 of 2
            |   [OK] on-detached-head.stderr assertion
            | [FAIL] on-detached-tag.screen != expected/on-detached-tag.screen
            | diff --git a/expected/on-detached-tag.screen b/on-detached-tag.screen
            | index 7c302a8..8fc9404 100644
            | --- a/expected/on-detached-tag.screen
            | +++ b/on-detached-tag.screen
            | @@ -1,9 +1,9 @@
            | -HEAD detached at v0.2
            |  Changes to be committed:
            | -  (no files)
            |  Changes not staged for commit:
            | -  (no files)
            | -Untracked files:
            | -  (no files)
            |  
            | -[status] Nothing to update                                                  100%
            | +
            | +
            | +
            | +
            | +
            | +[status] 1 of 2
            |   [OK] on-detached-tag.stderr assertion
            | [FAIL] merging-master.screen != expected/merging-master.screen
            | diff --git a/expected/merging-master.screen b/merging-master.screen
            | index 48a4481..f69afc8 100644
            | --- a/expected/merging-master.screen
            | +++ b/merging-master.screen
            | @@ -1,9 +1,9 @@
            | -Merging master
            |  Changes to be committed:
            | -  (no files)
            | -Changes not staged for commit:
            |    U run.sh
            | -Untracked files:
            | -  (no files)
            | +Changes not staged for commit:
            | +  D run.sh
            | +
            | +
            | +
            |  
            | -[status] Nothing to update                                                  100%
            | +[status] 1 of 4
            |   [OK] merging-master.stderr assertion
            | [FAIL] rebasing-master.screen != expected/rebasing-master.screen
            | diff --git a/expected/rebasing-master.screen b/rebasing-master.screen
            | index 2180573..f69afc8 100644
            | --- a/expected/rebasing-master.screen
            | +++ b/rebasing-master.screen
            | @@ -1,9 +1,9 @@
            | -Interactive rebase conflict-branch
            |  Changes to be committed:
            | -  (no files)
            | -Changes not staged for commit:
            |    U run.sh
            | -Untracked files:
            | -  (no files)
            | +Changes not staged for commit:
            | +  D run.sh
            | +
            | +
            | +
            |  
            | -[status] Nothing to update                                                  100%
            | +[status] 1 of 4
            |   [OK] rebasing-master.stderr assertion
            | [FAIL] applying-mailbox-to-master.screen != expected/applying-mailbox-to-master.screen
            | diff --git a/expected/applying-mailbox-to-master.screen b/applying-mailbox-to-master.screen
            | index b4ef4b8..8fc9404 100644
            | --- a/expected/applying-mailbox-to-master.screen
            | +++ b/applying-mailbox-to-master.screen
            | @@ -1,9 +1,9 @@
            | -Applying mailbox to master
            |  Changes to be committed:
            | -  (no files)
            |  Changes not staged for commit:
            | -  (no files)
            | -Untracked files:
            | -  (no files)
            |  
            | -[status] Nothing to update                                                  100%
            | +
            | +
            | +
            | +
            | +
            | +[status] 1 of 2
            |   [OK] applying-mailbox-to-master.stderr assertion
            | [FAIL] interactive-rebase-of-branch.screen != expected/interactive-rebase-of-branch.screen
            | diff --git a/expected/interactive-rebase-of-branch.screen b/interactive-rebase-of-branch.screen
            | index 2180573..f69afc8 100644
            | --- a/expected/interactive-rebase-of-branch.screen
            | +++ b/interactive-rebase-of-branch.screen
            | @@ -1,9 +1,9 @@
            | -Interactive rebase conflict-branch
            |  Changes to be committed:
            | -  (no files)
            | -Changes not staged for commit:
            |    U run.sh
            | -Untracked files:
            | -  (no files)
            | +Changes not staged for commit:
            | +  D run.sh
            | +
            | +
            | +
            |  
            | -[status] Nothing to update                                                  100%
            | +[status] 1 of 4
            |   [OK] interactive-rebase-of-branch.stderr assertion
            | [FAIL] unexpected status code: 1 (should be 0)
            | [FAIL] all-on-branch-master.screen not found
            | [FAIL] all-bisecting-master.screen not found
            | [FAIL] all-on-detached-head.screen not found
            | [FAIL] all-on-detached-tag.screen not found
            | [FAIL] all-merging-master.screen not found
            | [FAIL] all-rebasing-master.screen not found
            | [FAIL] all-applying-mailbox-to-master.screen not found
            | [FAIL] all-interactive-rebase-of-branch.screen not found
      TEST  test/status/on-branch-tracking-info-test
      CASE  test/status/on-branch-tracking-info-test:up-to-date-with-remote-master
      CASE  test/status/on-branch-tracking-info-test:behind-remote-master
      CASE  test/status/on-branch-tracking-info-test:ahead-of-remote-master
      CASE  test/status/on-branch-tracking-info-test:diverged-from-remote-master
            | Failed 9 out of 13 test(s)
            | [stderr] [all] tig: Not implemented in Rust yet: exec @git reset --hard HEAD~2
            | [FAIL] up-to-date-with-remote-master.screen != expected/up-to-date-with-remote-master.screen
            | diff --git a/expected/up-to-date-with-remote-master.screen b/up-to-date-with-remote-master.screen
            | index ec5c29e..8fc9404 100644
            | --- a/expected/up-to-date-with-remote-master.screen
            | +++ b/up-to-date-with-remote-master.screen
            | @@ -1,9 +1,9 @@
            | -On branch master. Your branch is up-to-date with 'origin/master'.
            |  Changes to be committed:
            | -  (no files)
            |  Changes not staged for commit:
            | -  (no files)
            | -Untracked files:
            | -  (no files)
            |  
            | -[status] Nothing to update                                                  100%
            | +
            | +
            | +
            | +
            | +
            | +[status] 1 of 2
            |   [OK] up-to-date-with-remote-master.stderr assertion
            | [FAIL] behind-remote-master.screen != expected/behind-remote-master.screen
            | diff --git a/expected/behind-remote-master.screen b/behind-remote-master.screen
            | index ea01786..8fc9404 100644
            | --- a/expected/behind-remote-master.screen
            | +++ b/behind-remote-master.screen
            | @@ -1,9 +1,9 @@
            | -On branch master. Your branch is behind 'origin/master' by 2 commits.
            |  Changes to be committed:
            | -  (no files)
            |  Changes not staged for commit:
            | -  (no files)
            | -Untracked files:
            | -  (no files)
            |  
            | -[status] Nothing to update                                                  100%
            | +
            | +
            | +
            | +
            | +
            | +[status] 1 of 2
            |   [OK] behind-remote-master.stderr assertion
            | [FAIL] ahead-of-remote-master.screen != expected/ahead-of-remote-master.screen
            | diff --git a/expected/ahead-of-remote-master.screen b/ahead-of-remote-master.screen
            | index 8115116..8fc9404 100644
            | --- a/expected/ahead-of-remote-master.screen
            | +++ b/ahead-of-remote-master.screen
            | @@ -1,9 +1,9 @@
            | -On branch master. Your branch is ahead of 'origin/master' by 1 commit.
            |  Changes to be committed:
            | -  (no files)
            |  Changes not staged for commit:
            | -  (no files)
            | -Untracked files:
            | -  (no files)
            |  
            | -[status] Nothing to update                                                  100%
            | +
            | +
            | +
            | +
            | +
            | +[status] 1 of 2
            |   [OK] ahead-of-remote-master.stderr assertion
            | [FAIL] diverged-from-remote-master.screen != expected/diverged-from-remote-master.screen
            | diff --git a/expected/diverged-from-remote-master.screen b/diverged-from-remote-master.screen
            | index 31915f8..8fc9404 100644
            | --- a/expected/diverged-from-remote-master.screen
            | +++ b/diverged-from-remote-master.screen
            | @@ -1,9 +1,9 @@
            | -On branch master. Your branch and 'origin/master' have diverged, and have 1 and
            |  Changes to be committed:
            | -  (no files)
            |  Changes not staged for commit:
            | -  (no files)
            | -Untracked files:
            | -  (no files)
            |  
            | -[status] Nothing to update                                                  100%
            | +
            | +
            | +
            | +
            | +
            | +[status] 1 of 2
            |   [OK] diverged-from-remote-master.stderr assertion
            | [FAIL] unexpected status code: 1 (should be 0)
            | [FAIL] all-up-to-date-with-remote-master.screen != expected/all-up-to-date-with-remote-master.screen
            | diff --git a/expected/all-up-to-date-with-remote-master.screen b/all-up-to-date-with-remote-master.screen
            | index ec5c29e..8fc9404 100644
            | --- a/expected/all-up-to-date-with-remote-master.screen
            | +++ b/all-up-to-date-with-remote-master.screen
            | @@ -1,9 +1,9 @@
            | -On branch master. Your branch is up-to-date with 'origin/master'.
            |  Changes to be committed:
            | -  (no files)
            |  Changes not staged for commit:
            | -  (no files)
            | -Untracked files:
            | -  (no files)
            |  
            | -[status] Nothing to update                                                  100%
            | +
            | +
            | +
            | +
            | +
            | +[status] 1 of 2
            | [FAIL] all-behind-remote-master.screen not found
            | [FAIL] all-ahead-of-remote-master.screen not found
            | [FAIL] all-diverged-from-remote-master.screen not found
      TEST  test/status/refresh-test
            | Failed 12 out of 12 test(s)
            | [stderr] tig: Not implemented in Rust yet: exec !git add a
            | [FAIL] unexpected status code: 1 (should be 0)
            | [FAIL] status-with-unstaged.screen != expected/status-with-unstaged.screen
            | diff --git a/expected/status-with-unstaged.screen b/status-with-unstaged.screen
            | index 525419c..bd980ea 100644
            | --- a/expected/status-with-unstaged.screen
            | +++ b/status-with-unstaged.screen
            | @@ -1,14 +1,14 @@
            | -On branch master
            |  Changes to be committed:
            | -  (no files)
            |  Changes not staged for commit:
            |    M .j
            |    M a
            |    M b.c
            |    M e/f
            |    M g h
            | -Untracked files:
            | -  (no files)
            |  
            |  
            | -[status] Nothing to update                                                  100%
            | +
            | +
            | +
            | +
            | +[status] 1 of 7
            | [FAIL] status-after-add-a.screen not found
            | [FAIL] status-after-add-all.screen not found
            | [FAIL] status-after-commit.screen not found
            | [FAIL] status-after-reset-soft.screen not found
            | [FAIL] status-after-reset-a-and-bc.screen not found
            | [FAIL] status-after-checkout-bc.screen not found
            | [FAIL] status-after-reset-hard.screen not found
            | [FAIL] status-after-touch-new-file.screen not found
            | [FAIL] status-after-rm-a.screen not found
            | [FAIL] status-after-checkout-a.screen not found
      TEST  test/status/repo-var-test
<workspace>/work/tig-build/test/tools/libtest.sh: line 403: vars: No such file or directory
            | Failed 3 out of 3 test(s)
            | [stderr] tig: Not implemented in Rust yet: exec !assert-var '%(repo:head)' == master
            | [FAIL] unexpected status code: 1 (should be 0)
            | [FAIL] status.screen not found
            | [FAIL] vars_assert_count != expected/vars_assert_count
            | diff --git a/expected/vars_assert_count b/vars_assert_count
            | index e69de29..45a4fb7 100644
            | --- a/expected/vars_assert_count
            | +++ b/vars_assert_count
            | @@ -0,0 +1 @@
            | +8
make: *** [test/status/repo-var-test] Error 1
      TEST  test/status/start-on-line-test
            | Failed 1 out of 1 test(s)
            | [FAIL] position.screen != expected/position.screen
            | diff --git a/expected/position.screen b/position.screen
            | index 3c245be..ab4a83e 100644
            | --- a/expected/position.screen
            | +++ b/position.screen
            | @@ -1,3 +1,17 @@
            | +  D common/start-benchmark.js
            | +  D deltablue/run.sh
            | +  D deltablue/src/main/scala/org/scalajs/benchmark/deltablue/DeltaBlue.scala
            | +  D project/Build.scala
            | +  D project/build.properties
            | +  D project/build.sbt
            | +  D richards/build.sbt
            | +  D richards/run.sh
            | +  D richards/src/main/scala/org/scalajs/benchmark/richards/Richards.scala
            | +  D run.sh
            | +  D sudoku/run.sh
            | +  D sudoku/src/main/scala/org/scalajs/benchmark/sudoku/Sudoku.scala
            | +  D tracer/build.sbt
            | +  D tracer/index-dev.html
            |    D tracer/index.html
            |    D tracer/run.sh
            |    D tracer/src/main/scala/org/scalajs/benchmark/tracer/App.scala
            | @@ -10,20 +24,6 @@ D tracer/src/main/scala/org/scalajs/benchmark/tracer/Shapes.scala
            |    D tracer/src/main/scala/org/scalajs/benchmark/tracer/Tracer.scala
            |    D tracer/src/main/scala/org/scalajs/benchmark/tracer/Vector.scala
            |  Changes not staged for commit:
            | -  (no files)
            | -Untracked files:
            |    ? .gitignore
            |    ? LICENSE
            | -? README.md
            | -? common/benchmark-runner.sh
            | -? common/build.sbt
            | -? common/d8-stubs.js
            | -? common/reference/bench.js
            | -? common/reference/deltablue.js
            | -? common/reference/richards.js
            | -? common/reference/tracer.js
            | -? common/src/main/scala/org/scalajs/benchmark/Benchmark.scala
            | -? common/src/main/scala/org/scalajs/benchmark/BenchmarkApp.scala
            | -? common/src/main/scala/org/scalajs/benchmark/dom/DOMTypes.scala
            | -? common/start-benchmark.js
            | -[status] Press u to stage '.gitignore' for addition                          70%
            | +[status] 42 of 78
      TEST  test/status/submodule-editor-test
<workspace>/work/tig-build/test/tools/libtest.sh: line 403: vars: No such file or directory
            | Failed 2 out of 2 test(s)
            | [stderr] tig: HOME/.tigrc:2: Unknown option: stage-view-line-number
            | [stderr] tig: Not implemented in Rust yet: exec !assert-var [%(repo:worktree)] == [../../../bench]
            | [FAIL] unexpected status code: 1 (should be 0)
            | [FAIL] vars_assert_count != expected/vars_assert_count
            | diff --git a/expected/vars_assert_count b/vars_assert_count
            | index e69de29..d00491f 100644
            | --- a/expected/vars_assert_count
            | +++ b/vars_assert_count
            | @@ -0,0 +1 @@
            | +1
make: *** [test/status/submodule-editor-test] Error 1
      TEST  test/status/untracked-files-test
      CASE  test/status/untracked-files-test:initial
      CASE  test/status/untracked-files-test:inside-dir-a
      CASE  test/status/untracked-files-test:status-show-untracked-files-option-off
            | Failed 7 out of 7 test(s)
            | [stderr] [initial] tig: HOME/.tigrc:1: Invalid value for vertical-split: no
            | [stderr] [inside-dir-a] tig: HOME/.tigrc:1: Invalid value for vertical-split: no
            | [stderr] [status-show-untracked-files-option-off] tig: HOME/.tigrc:1: Invalid value for vertical-split: no
            | [stderr] [status-show-untracked-files-option-off] tig: Not implemented in Rust yet: toggle status-show-untracked-files
            | [FAIL] initial.screen != expected/initial.screen
            | diff --git a/expected/initial.screen b/initial.screen
            | index c17d2b6..19b1cd3 100644
            | --- a/expected/initial.screen
            | +++ b/initial.screen
            | @@ -1,13 +1,10 @@
            | -On branch master
            |  Changes to be committed:
            | -  (no files)
            |  Changes not staged for commit:
            |    M .j
            |    M a
            |    M b.c
            |    M e/f
            |    M g h
            | -Untracked files:
            |    ? dir-a/aa.1
            |    ? dir-a/aa.2
            |    ? dir-a/aa.3
            | @@ -18,4 +15,7 @@ Untracked files:
            |    ? root.4
            |    ? root.5
            |  
            | -[status] Nothing to update                                                  100%
            | +
            | +
            | +
            | +[status] 1 of 16
            | [FAIL] initial.stderr != expected/initial.stderr
            | diff --git a/expected/initial.stderr b/initial.stderr
            | index e69de29..674239b 100644
            | --- a/expected/initial.stderr
            | +++ b/initial.stderr
            | @@ -0,0 +1 @@
            | +tig: HOME/.tigrc:1: Invalid value for vertical-split: no
            | [FAIL] inside-dir-a.screen != expected/inside-dir-a.screen
            | diff --git a/expected/inside-dir-a.screen b/inside-dir-a.screen
            | index c17d2b6..19b1cd3 100644
            | --- a/expected/inside-dir-a.screen
            | +++ b/inside-dir-a.screen
            | @@ -1,13 +1,10 @@
            | -On branch master
            |  Changes to be committed:
            | -  (no files)
            |  Changes not staged for commit:
            |    M .j
            |    M a
            |    M b.c
            |    M e/f
            |    M g h
            | -Untracked files:
            |    ? dir-a/aa.1
            |    ? dir-a/aa.2
            |    ? dir-a/aa.3
            | @@ -18,4 +15,7 @@ Untracked files:
            |    ? root.4
            |    ? root.5
            |  
            | -[status] Nothing to update                                                  100%
            | +
            | +
            | +
            | +[status] 1 of 16
            | [FAIL] inside-dir-a.stderr != expected/inside-dir-a.stderr
            | diff --git a/expected/inside-dir-a.stderr b/inside-dir-a.stderr
            | index e69de29..674239b 100644
            | --- a/expected/inside-dir-a.stderr
            | +++ b/inside-dir-a.stderr
            | @@ -0,0 +1 @@
            | +tig: HOME/.tigrc:1: Invalid value for vertical-split: no
            | [FAIL] unexpected status code: 1 (should be 0)
            | [FAIL] status-show-untracked-files-option-off.screen not found
            | [FAIL] status-show-untracked-files-option-off.stderr != expected/status-show-untracked-files-option-off.stderr
            | diff --git a/expected/status-show-untracked-files-option-off.stderr b/status-show-untracked-files-option-off.stderr
            | index e69de29..f06d3f9 100644
            | --- a/expected/status-show-untracked-files-option-off.stderr
            | +++ b/status-show-untracked-files-option-off.stderr
            | @@ -0,0 +1,2 @@
            | +tig: HOME/.tigrc:1: Invalid value for vertical-split: no
            | +tig: Not implemented in Rust yet: toggle status-show-untracked-files
      TEST  test/status/worktree-editor-test
<workspace>/work/tig-build/test/tools/libtest.sh: line 403: vars: No such file or directory
            | Failed 2 out of 2 test(s)
            | [stderr] tig: HOME/.tigrc:2: Unknown option: stage-view-line-number
            | [stderr] tig: Not implemented in Rust yet: exec !assert-var [%(repo:worktree)] == []
            | [FAIL] unexpected status code: 1 (should be 0)
            | [FAIL] vars_assert_count != expected/vars_assert_count
            | diff --git a/expected/vars_assert_count b/vars_assert_count
            | index e69de29..d00491f 100644
            | --- a/expected/vars_assert_count
            | +++ b/vars_assert_count
            | @@ -0,0 +1 @@
            | +1
make: *** [test/status/worktree-editor-test] Error 1
      TEST  test/status/worktree-test
            | Failed 1 out of 1 test(s)
            | [FAIL] worktree.screen != expected/worktree.screen
            | diff --git a/expected/worktree.screen b/worktree.screen
            | index 1c6245c..fb1e5da 100644
            | --- a/expected/worktree.screen
            | +++ b/worktree.screen
            | @@ -1,8 +1,8 @@
            | -On branch dev
            |  Changes to be committed:
            | -  (no files)
            |  Changes not staged for commit:
            | -  (no files)
            | -Untracked files:
            | -  (no files)
            | -[status] Nothing to update                                                  100%
            | +
            | +
            | +
            | +
            | +
            | +[status] 1 of 2
      TEST  test/tigrc/append-option-test
sed: saved-tigrc: No such file or directory
            | Failed 4 out of 4 test(s)
            | [FAIL] unexpected status code: 1 (should be 0)
            | [FAIL] unexpected status code: 1 (should be 0)
            | [FAIL] stderr != expected/stderr
            | diff --git a/expected/stderr b/stderr
            | index 943c71c..d2f7bc5 100644
            | --- a/expected/stderr
            | +++ b/stderr
            | @@ -1,2 +1,4 @@
            | -tig warning: ~/.tigrc:2: Option mailmap does not support +=
            | -tig warning: Errors while loading HOME/.tigrc.
            | +tig: Not implemented in Rust yet: save-options HOME/saved-tigrc
            | +tig: HOME/.tigrc:1: Unknown or malformed command: set
            | +tig: HOME/.tigrc:2: Unknown or malformed command: set
            | +tig: Not implemented in Rust yet: save-options HOME/append-tigrc
            | [FAIL] append-tigrc not found
      TEST  test/tigrc/builtin-error-test
      TEST  test/tigrc/builtin-save-test
            | Failed 2 out of 2 test(s)
            | [FAIL] unexpected status code: 1 (should be 0)
            | [FAIL] stderr != expected/stderr
            | diff --git a/expected/stderr b/stderr
            | index e69de29..85586ed 100644
            | --- a/expected/stderr
            | +++ b/stderr
            | @@ -0,0 +1 @@
            | +tig: Not implemented in Rust yet: save-options
      TEST  test/tigrc/command-value-long-test
            | Failed 3 out of 3 test(s)
            | [FAIL] unexpected status code: 1 (should be 0)
            | [FAIL] stderr != expected/stderr
            | diff --git a/expected/stderr b/stderr
            | index e69de29..51cef35 100644
            | --- a/expected/stderr
            | +++ b/stderr
            | @@ -0,0 +1 @@
            | +tig: Not implemented in Rust yet: :!sh -c echo 00000000000000000000000000000000000000000000000000000000000000000000000000000000; echo 11111111111111111111111111111111111111111111111111111111111111111111111111111111; echo 22222222222222222222222222222222222222222222222222222222222222222222222222222222; echo 33333333333333333333333333333333333333333333333333333333333333333333333333333333; echo 44444444444444444444444444444444444444444444444444444444444444444444444444444444; echo 55555555555555555555555555555555555555555555555555555555555555555555555555555555; echo 66666666666666666666666666666666666666666666666666666666666666666666666666666666; echo 77777777777777777777777777777777777777777777777777777777777777777777777777777777; echo 88888888888888888888888888888888888888888888888888888888888888888888888888888888; echo 99999999999999999999999999999999999999999999999999999999999999999999999999999999; echo AAAAAAAAAAAAAAAAAAAAAAAAAAAAAAAAAAAAAAAAAAAAAAAAAAAAAAAAAAAAAAAAAAAAAAAAAAAAAAAA; echo BBBBBBBBBBBBBBBBBBBBBBBBBBBBBBBBBBBBBBBBBBBBBBBBBBBBBBBBBBBBBBBBBBBBBBBBBBBBBBBB; echo CCCCCCCCCCCCCCCCCCCCCCCCCCCCCCCCCCCCCCCCCCCCCCCCCCCCCCCCCCCCCCCCCCCCCCCCCCCCCCCC; echo DDDDDDDDDDDDDDDDDDDDDDDDDDDDDDDDDDDDDDDDDDDDDDDDDDDDDDDDDDDDDDDDDDDDDDDDDDDDDDDD; echo EEEEEEEEEEEEEEEEEEEEEEEEEEEEEEEEEEEEEEEEEEEEEEEEEEEEEEEEEEEEEEEEEEEEEEEEEEEEEEEE; echo FFFFFFFFFFFFFFFFFFFFFFFFFFFFFFFFFFFFFFFFFFFFFFFFFFFFFFFFFFFFFFFFFFFFFFFFFFFFFFFF;
            | [FAIL] pager.screen not found
      TEST  test/tigrc/compat-error-test
            | Failed 1 out of 1 test(s)
            | [FAIL] stderr != expected/stderr
            | diff --git a/expected/stderr b/stderr
            | index 0531838..47cb633 100644
            | --- a/expected/stderr
            | +++ b/stderr
            | @@ -1,50 +1,21 @@
            | -tig warning: ~/.tigrc:1: show-date is obsolete; see tigrc(5) for how to set the date column option
            | -tig warning: ~/.tigrc:2: show-author is obsolete; see tigrc(5) for how to set the author column option
            | -tig warning: ~/.tigrc:3: author-width is obsolete; see tigrc(5) for how to set the author column option
            | -tig warning: ~/.tigrc:4: show-filename is obsolete; see tigrc(5) for how to set the file-name column option
            | -tig warning: ~/.tigrc:5: filename-width is obsolete; see tigrc(5) for how to set the file-name column option
            | -tig warning: ~/.tigrc:6: show-file-size is obsolete; see tigrc(5) for how to set the file-size column option
            | -tig warning: ~/.tigrc:7: show-rev-graph is obsolete; see tigrc(5) for how to set the commit-title column option
            | -tig warning: ~/.tigrc:8: show-line-numbers is obsolete; see tigrc(5) for how to set the line-number column option
            | -tig warning: ~/.tigrc:9: line-number-interval is obsolete; see tigrc(5) for how to set the line-number column option
            | -tig warning: ~/.tigrc:10: show-refs is obsolete; see tigrc(5) for how to set the commit-title column option
            | -tig warning: ~/.tigrc:11: show-id is obsolete; see tigrc(5) for how to set the id column option
            | -tig warning: ~/.tigrc:12: title-overflow is obsolete; see tigrc(5) for how to set the commit-title and text column option
            | -tig warning: ~/.tigrc:13: read-git-colors has been obsoleted by the git-colors option
            | -tig warning: ~/.tigrc:23: Missing '>' from key mapping: <
            | -tig warning: ~/.tigrc:24: Control key mapping must now use '<Ctrl-N>' instead of '^N'
            | -tig warning: ~/.tigrc:25: Escape key combo must now use '<Esc>v' instead of '^[v'
            | -tig warning: ~/.tigrc:29: stage-next has been replaced by `:/^@@'
            | -tig warning: ~/.tigrc:30: diff-context-down has been replaced by `:toggle diff-context -1'
            | -tig warning: ~/.tigrc:31: diff-context-up has been replaced by `:toggle diff-context +1'
            | -tig warning: ~/.tigrc:32: diff-context-down has been replaced by `:toggle diff-context -1'
            | -tig warning: ~/.tigrc:33: diff-context-up has been replaced by `:toggle diff-context +1'
            | -tig warning: ~/.tigrc:34: toggle-lineno has been replaced by `:toggle line-number'
            | -tig warning: ~/.tigrc:35: toggle-date has been replaced by `:toggle date'
            | -tig warning: ~/.tigrc:36: toggle-author has been replaced by `:toggle author'
            | -tig warning: ~/.tigrc:37: toggle-rev-graph has been replaced by `:toggle commit-title-graph'
            | -tig warning: ~/.tigrc:38: toggle-graphic has been replaced by `:toggle show-graphic'
            | -tig warning: ~/.tigrc:39: toggle-filename has been replaced by `:toggle filename'
            | -tig warning: ~/.tigrc:40: toggle-refs has been replaced by `:toggle commit-title-refs'
            | -tig warning: ~/.tigrc:41: toggle-show-changes has been replaced by `:toggle show-changes'
            | -tig warning: ~/.tigrc:42: toggle-sort-order has been replaced by `:toggle sort-order'
            | -tig warning: ~/.tigrc:43: toggle-sort-field has been replaced by `:toggle sort-field'
            | -tig warning: ~/.tigrc:44: toggle-ignore-space has been replaced by `:toggle show-ignore-space'
            | -tig warning: ~/.tigrc:45: toggle-commit-order has been replaced by `:toggle show-commit-order'
            | -tig warning: ~/.tigrc:46: toggle-id has been replaced by `:toggle id'
            | -tig warning: ~/.tigrc:47: toggle-files has been replaced by `:toggle file-filter'
            | -tig warning: ~/.tigrc:48: toggle-title-overflow has been replaced by `:toggle commit-title-overflow'
            | -tig warning: ~/.tigrc:49: toggle-file-size has been replaced by `:toggle file-size'
            | -tig warning: ~/.tigrc:50: toggle-untracked-dirs has been replaced by `:toggle status-show-untracked-dirs'
            | -tig warning: ~/.tigrc:53: main-revgraph is obsolete
            | -tig warning: ~/.tigrc:56: tree-head has been replaced by tree.header
            | -tig warning: ~/.tigrc:57: tree-dir has been replaced by tree.directory
            | -tig warning: ~/.tigrc:58: tree-file has been replaced by tree.file
            | -tig warning: ~/.tigrc:59: stat-head has been replaced by status.header
            | -tig warning: ~/.tigrc:60: stat-section has been replaced by status.section
            | -tig warning: ~/.tigrc:61: help-keymap has been replaced by help.section
            | -tig warning: ~/.tigrc:64: 'local' is no longer supported for date-display, use the 'date-local' column option
            | -tig warning: ~/.tigrc:68: 'short' is no longer supported for date-display, use the 'custom' display mode and set 'date-format'
            | -tig warning: ~/.tigrc:72: cmdline-args is obsolete; use view-specific options instead, e.g. main-options
            | -tig warning: ~/.tigrc:74: status-untracked-dirs has been renamed to status-show-untracked-dirs
            | -tig warning: Errors while loading HOME/.tigrc.
            | +tig: HOME/.tigrc:1: Unknown option: show-date
            | +tig: HOME/.tigrc:2: Unknown option: show-author
            | +tig: HOME/.tigrc:3: Unknown option: author-width
            | +tig: HOME/.tigrc:4: Unknown option: show-filename
            | +tig: HOME/.tigrc:5: Unknown option: filename-width
            | +tig: HOME/.tigrc:6: Unknown option: show-file-size
            | +tig: HOME/.tigrc:7: Unknown option: show-rev-graph
            | +tig: HOME/.tigrc:8: Unknown option: show-line-numbers
            | +tig: HOME/.tigrc:9: Unknown option: line-number-interval
            | +tig: HOME/.tigrc:10: Unknown option: show-refs
            | +tig: HOME/.tigrc:11: Unknown option: show-id
            | +tig: HOME/.tigrc:12: Unknown option: title-overflow
            | +tig: HOME/.tigrc:13: Unknown option: read-git-colors
            | +tig: HOME/.tigrc:23: Missing > in key name
            | +tig: HOME/.tigrc:64: Unknown option: main-view-date
            | +tig: HOME/.tigrc:65: Unknown option: main-view-date-local
            | +tig: HOME/.tigrc:68: Unknown option: main-view-date
            | +tig: HOME/.tigrc:69: Unknown option: main-view-date
            | +tig: HOME/.tigrc:70: Unknown option: main-view-date-format
            | +tig: HOME/.tigrc:72: Unknown option: cmdline-args
            | +tig: HOME/.tigrc:74: Unknown option: status-untracked-dirs
      TEST  test/tigrc/contrib-tigrc-test
      TEST  test/tigrc/env-vars-test
            | Failed 1 out of 2 test(s)
            |   [OK] stderr assertion
            | [FAIL] help.screen != expected/help.screen
            | diff --git a/expected/help.screen b/help.screen
            | index f860652..ae16e71 100644
            | --- a/expected/help.screen
            | +++ b/help.screen
            | @@ -1,7 +1,7 @@
            | -Quick reference for tig keybindings:
            | -[-] Collapse all sections
            | +Tig Rust migration (compatibility work in progress)
            |  
            | -[-] generic bindings
            | -Misc
            | -  : prompt Open the prompt
            | -[help] - line 1 of 26                                                        23%
            | +Usage: tig [-C path] [log|show|reflog|blame|grep|refs|stash|status] [arguments]
            | +       git show | tig
            | +
            | +Keys: j/k move, Enter open, q back/quit, Q quit, / search, n next match
            | +[help] 1 of 10
      TEST  test/tigrc/escape-var-test
            | Failed 2 out of 2 test(s)
            | [stderr] tig: Not implemented in Rust yet: @sh -c echo '%%(refname)=%(refname) %%%%%%(refname)=%%%(refname)' > HOME/shell-command.txt
            | [FAIL] unexpected status code: 1 (should be 0)
            | [FAIL] shell-command.txt not found
      TEST  test/tigrc/parse-test
            | Failed 3 out of 3 test(s)
            | [FAIL] unexpected status code: 1 (should be 0)
            | [FAIL] stderr != expected/stderr
            | diff --git a/expected/stderr b/stderr
            | index c0bfed5..ef2a0c2 100644
            | --- a/expected/stderr
            | +++ b/stderr
            | @@ -1,30 +1,26 @@
            | -tig warning: ~/.tigrc:1: Unknown option command: s
            | -tig warning: ~/.tigrc:2: Invalid set command: set option = value
            | -tig warning: ~/.tigrc:3: Invalid set command: set option = value
            | -tig warning: ~/.tigrc:4: Invalid set command: set option = value
            | -tig warning: ~/.tigrc:5: Invalid set command: set option = value
            | -tig warning: ~/.tigrc:6: Unknown option name: something
            | -tig warning: ~/.tigrc:7: 'jada' is not a valid value for ignore-space; using no
            | -tig warning: ~/.tigrc:8: Value must be between 1 and 1024
            | -tig warning: ~/.tigrc:9: Invalid double or percentage
            | -tig warning: ~/.tigrc:10: Percentage is larger than 100%
            | -tig warning: ~/.tigrc:11: Percentage is less than 0%
            | -tig warning: ~/.tigrc:13: Invalid key binding: bind keymap key action
            | -tig warning: ~/.tigrc:14: Invalid key binding: bind keymap key action
            | -tig warning: ~/.tigrc:15: Invalid key binding: bind keymap key action
            | -tig warning: ~/.tigrc:16: Invalid key binding: bind keymap key action
            | -tig warning: ~/.tigrc:18: Invalid color mapping: color area fgcolor bgcolor [attrs]
            | -tig warning: ~/.tigrc:19: Invalid color mapping: color area fgcolor bgcolor [attrs]
            | -tig warning: ~/.tigrc:20: Invalid color mapping: color area fgcolor bgcolor [attrs]
            | -tig warning: ~/.tigrc:21: Invalid color mapping: color area fgcolor bgcolor [attrs]
            | -tig warning: ~/.tigrc:22: Unknown color: bold
            | -tig warning: ~/.tigrc:23: Unknown color: dark
            | -tig warning: ~/.tigrc:24: Unknown color: dark
            | -tig warning: ~/.tigrc:25: Unknown color attribute: normally
            | -tig warning: ~/.tigrc:34: Unknown option `visibility' for column line-number
            | -tig warning: ~/.tigrc:36: Invalid key binding: bind keymap key action
            | -tig warning: ~/.tigrc:37: Invalid key binding: bind keymap key action
            | -tig warning: ~/.tigrc:38: Unknown command flag '%'; expected one of :!?@<+>
            | -tig warning: ~/.tigrc:39: Unknown command flag '|'; expected one of :!?@<+>
            | -tig warning: ~/.tigrc:57: Unknown option command: c
            | -tig warning: Errors while loading HOME/.tigrc.
            | +tig: HOME/.tigrc:1: Unknown or malformed command: s
            | +tig: HOME/.tigrc:2: Unknown or malformed command: set
            | +tig: HOME/.tigrc:3: Unknown or malformed command: set
            | +tig: HOME/.tigrc:4: ignore-space requires one value
            | +tig: HOME/.tigrc:5: Unknown or malformed command: set
            | +tig: HOME/.tigrc:6: Unknown option: something
            | +tig: HOME/.tigrc:7: Invalid value for ignore-space: jada
            | +tig: HOME/.tigrc:8: Invalid value for tab-size: long
            | +tig: HOME/.tigrc:9: Invalid value for split-view-height: half
            | +tig: HOME/.tigrc:10: Invalid value for split-view-height: 110%
            | +tig: HOME/.tigrc:11: Invalid value for split-view-height: -10%
            | +tig: HOME/.tigrc:13: Unknown or malformed command: bind
            | +tig: HOME/.tigrc:14: Unknown or malformed command: bind
            | +tig: HOME/.tigrc:15: Unknown or malformed command: bind
            | +tig: HOME/.tigrc:16: Unknown or malformed command: bind
            | +tig: HOME/.tigrc:18: Unknown or malformed command: color
            | +tig: HOME/.tigrc:19: Unknown or malformed command: color
            | +tig: HOME/.tigrc:20: Unknown or malformed command: color
            | +tig: HOME/.tigrc:21: Unknown or malformed command: color
            | +tig: HOME/.tigrc:34: Unknown option: main_view_line_number_visibility
            | +tig: HOME/.tigrc:36: Unclosed quoted argument
            | +tig: HOME/.tigrc:37: Unclosed quoted argument
            | +tig: HOME/.tigrc:38: Unclosed quoted argument
            | +tig: HOME/.tigrc:39: Unclosed quoted argument
            | +tig: HOME/.tigrc:52: Unterminated continuation
            | +tig: Not implemented in Rust yet: 9
            | [FAIL] help.screen not found
      TEST  test/tigrc/quote-test
            | Failed 7 out of 7 test(s)
            | [FAIL] unexpected status code: 1 (should be 0)
            | [FAIL] stderr != expected/stderr
            | diff --git a/expected/stderr b/stderr
            | index e69de29..f99df65 100644
            | --- a/expected/stderr
            | +++ b/stderr
            | @@ -0,0 +1 @@
            | +tig: Not implemented in Rust yet: !@sh -c echo "double $@" 'quoted' "shell command" > HOME/shell-command.txt
            | [FAIL] shell-command.txt not found
            | [FAIL] quoted-prompt-with-spaces.screen not found
            | [FAIL] mid-quoted-prompt-with-spaces.screen not found
            | [FAIL] single-quoted-arg-with-escaped-chars.screen not found
            | [FAIL] double-quoted-arg-with-escaped-chars.screen not found
      TEST  test/tigrc/save-option-test
cat: check-tigrc: No such file or directory
            | Failed 4 out of 4 test(s)
            | [FAIL] unexpected status code: 1 (should be 0)
            | [FAIL] unexpected status code: 1 (should be 0)
            | [FAIL] stderr != expected/stderr
            | diff --git a/expected/stderr b/stderr
            | index e69de29..8d60e74 100644
            | --- a/expected/stderr
            | +++ b/stderr
            | @@ -0,0 +1,2 @@
            | +tig: Not implemented in Rust yet: save-options HOME/saved-tigrc
            | +tig: Not implemented in Rust yet: save-options HOME/check-tigrc
            | [FAIL] saved-tigrc not found
      TEST  test/tigrc/source-test
      CASE  test/tigrc/source-test:source-file-plain
      CASE  test/tigrc/source-test:source-file-quietly
      CASE  test/tigrc/source-test:source-nonexistent-file
      CASE  test/tigrc/source-test:source-nonexistent-file-quietly
      CASE  test/tigrc/source-test:source-tilde-path
            | Failed 6 out of 10 test(s)
            | [stderr] [source-nonexistent-file] tig: HOME/.tigrc:3: <workspace>/work/tig-build/test/tmp/tigrc/source-test/.tigrc.nonexistent.file: No such file or directory (os error 2)
            | [FAIL] source-file-plain.screen != expected/source-file-plain.screen
            | diff --git a/expected/source-file-plain.screen b/source-file-plain.screen
            | index 0c894c3..cbbc6e8 100644
            | --- a/expected/source-file-plain.screen
            | +++ b/source-file-plain.screen
            | @@ -1,9 +1,9 @@
            | -Quick reference for tig keybindings:
            | -[-] Collapse all sections
            | +Tig Rust migration (compatibility work in progress)
            |  
            | -[-] generic bindings
            | -View manipulation
            | -  q quit   Close all views and quit
            | -Misc
            | -  : prompt Open the prompt
            | -[help] - line 1 of 28                                                        28%
            | +Usage: tig [-C path] [log|show|reflog|blame|grep|refs|stash|status] [arguments]
            | +       git show | tig
            | +
            | +Keys: j/k move, Enter open, q back/quit, Q quit, / search, n next match
            | +      m history, d diff, s status, t tree, r refs, b blame, h help, R refresh
            | +      u stage/unstage selected file in status; horizontal arrows scroll
            | +[help] 1 of 10
            |   [OK] source-file-plain.stderr assertion
            | [FAIL] source-file-quietly.screen != expected/source-file-quietly.screen
            | diff --git a/expected/source-file-quietly.screen b/source-file-quietly.screen
            | index 0c894c3..cbbc6e8 100644
            | --- a/expected/source-file-quietly.screen
            | +++ b/source-file-quietly.screen
            | @@ -1,9 +1,9 @@
            | -Quick reference for tig keybindings:
            | -[-] Collapse all sections
            | +Tig Rust migration (compatibility work in progress)
            |  
            | -[-] generic bindings
            | -View manipulation
            | -  q quit   Close all views and quit
            | -Misc
            | -  : prompt Open the prompt
            | -[help] - line 1 of 28                                                        28%
            | +Usage: tig [-C path] [log|show|reflog|blame|grep|refs|stash|status] [arguments]
            | +       git show | tig
            | +
            | +Keys: j/k move, Enter open, q back/quit, Q quit, / search, n next match
            | +      m history, d diff, s status, t tree, r refs, b blame, h help, R refresh
            | +      u stage/unstage selected file in status; horizontal arrows scroll
            | +[help] 1 of 10
            |   [OK] source-file-quietly.stderr assertion
            | [FAIL] source-nonexistent-file.screen != expected/source-nonexistent-file.screen
            | diff --git a/expected/source-nonexistent-file.screen b/source-nonexistent-file.screen
            | index 2fc6174..cbbc6e8 100644
            | --- a/expected/source-nonexistent-file.screen
            | +++ b/source-nonexistent-file.screen
            | @@ -1,9 +1,9 @@
            | -Quick reference for tig keybindings:
            | -[-] Collapse all sections
            | +Tig Rust migration (compatibility work in progress)
            |  
            | -[-] generic bindings
            | -Misc
            | -  : prompt Open the prompt
            | -[-] toggle bindings
            | -Toggle keys (enter: o <key>):
            | -[help] - line 1 of 26                                                        30%
            | +Usage: tig [-C path] [log|show|reflog|blame|grep|refs|stash|status] [arguments]
            | +       git show | tig
            | +
            | +Keys: j/k move, Enter open, q back/quit, Q quit, / search, n next match
            | +      m history, d diff, s status, t tree, r refs, b blame, h help, R refresh
            | +      u stage/unstage selected file in status; horizontal arrows scroll
            | +[help] 1 of 10
            | [FAIL] source-nonexistent-file.stderr != expected/source-nonexistent-file.stderr
            | diff --git a/expected/source-nonexistent-file.stderr b/source-nonexistent-file.stderr
            | index d8fb16c..c53c52c 100644
            | --- a/expected/source-nonexistent-file.stderr
            | +++ b/source-nonexistent-file.stderr
            | @@ -1,2 +1 @@
            | -tig warning: ~/.tigrc:3: File does not exist: HOME/.tigrc.nonexistent.file
            | -tig warning: Errors while loading HOME/.tigrc.
            | +tig: HOME/.tigrc:3: <workspace>/work/tig-build/test/tmp/tigrc/source-test/.tigrc.nonexistent.file: No such file or directory (os error 2)
            | [FAIL] source-nonexistent-file-quietly.screen != expected/source-nonexistent-file-quietly.screen
            | diff --git a/expected/source-nonexistent-file-quietly.screen b/source-nonexistent-file-quietly.screen
            | index 2fc6174..cbbc6e8 100644
            | --- a/expected/source-nonexistent-file-quietly.screen
            | +++ b/source-nonexistent-file-quietly.screen
            | @@ -1,9 +1,9 @@
            | -Quick reference for tig keybindings:
            | -[-] Collapse all sections
            | +Tig Rust migration (compatibility work in progress)
            |  
            | -[-] generic bindings
            | -Misc
            | -  : prompt Open the prompt
            | -[-] toggle bindings
            | -Toggle keys (enter: o <key>):
            | -[help] - line 1 of 26                                                        30%
            | +Usage: tig [-C path] [log|show|reflog|blame|grep|refs|stash|status] [arguments]
            | +       git show | tig
            | +
            | +Keys: j/k move, Enter open, q back/quit, Q quit, / search, n next match
            | +      m history, d diff, s status, t tree, r refs, b blame, h help, R refresh
            | +      u stage/unstage selected file in status; horizontal arrows scroll
            | +[help] 1 of 10
            |   [OK] source-nonexistent-file-quietly.stderr assertion
            | [FAIL] source-tilde-path.screen != expected/source-tilde-path.screen
            | diff --git a/expected/source-tilde-path.screen b/source-tilde-path.screen
            | index 0c894c3..cbbc6e8 100644
            | --- a/expected/source-tilde-path.screen
            | +++ b/source-tilde-path.screen
            | @@ -1,9 +1,9 @@
            | -Quick reference for tig keybindings:
            | -[-] Collapse all sections
            | +Tig Rust migration (compatibility work in progress)
            |  
            | -[-] generic bindings
            | -View manipulation
            | -  q quit   Close all views and quit
            | -Misc
            | -  : prompt Open the prompt
            | -[help] - line 1 of 28                                                        28%
            | +Usage: tig [-C path] [log|show|reflog|blame|grep|refs|stash|status] [arguments]
            | +       git show | tig
            | +
            | +Keys: j/k move, Enter open, q back/quit, Q quit, / search, n next match
            | +      m history, d diff, s status, t tree, r refs, b blame, h help, R refresh
            | +      u stage/unstage selected file in status; horizontal arrows scroll
            | +[help] 1 of 10
            |   [OK] source-tilde-path.stderr assertion
      TEST  test/tigrc/tigrc-manpage-examples-test
            | Failed 1 out of 1 test(s)
            | [FAIL] stderr != expected/stderr
            | diff --git a/expected/stderr b/stderr
            | index e69de29..66180ad 100644
            | --- a/expected/stderr
            | +++ b/stderr
            | @@ -0,0 +1,4 @@
            | +tig: HOME/.tigrc:17: Unknown option: main-view-date
            | +tig: HOME/.tigrc:18: Unknown option: main-view-date-format
            | +tig: HOME/.tigrc:19: Unknown option: blame-view-line-number
            | +tig: HOME/.tigrc:42: Unknown or malformed command: set
      TEST  test/tigrc/truncation-test
      CASE  test/tigrc/truncation-test:delimiter-default
      CASE  test/tigrc/truncation-test:delimiter-literal
      CASE  test/tigrc/truncation-test:delimiter-quoted-literal
      CASE  test/tigrc/truncation-test:delimiter-empty-fallback
      CASE  test/tigrc/truncation-test:delimiter-too-long-fallback
      CASE  test/tigrc/truncation-test:delimiter-special-value
      CASE  test/tigrc/truncation-test:delimiter-utf8-literal
            | Failed 21 out of 21 test(s)
            | [stderr] [delimiter-default] tig: Not implemented in Rust yet: g
            | [stderr] [delimiter-literal] tig: Not implemented in Rust yet: g
            | [stderr] [delimiter-quoted-literal] tig: Not implemented in Rust yet: g
            | [stderr] [delimiter-empty-fallback] tig: Not implemented in Rust yet: g
            | [stderr] [delimiter-too-long-fallback] tig: Not implemented in Rust yet: g
            | [stderr] [delimiter-special-value] tig: Not implemented in Rust yet: g
            | [stderr] [delimiter-utf8-literal] tig: Not implemented in Rust yet: g
            | [FAIL] unexpected status code: 1 (should be 0)
            | [FAIL] delimiter-default.screen not found
            | [FAIL] delimiter-default.stderr != expected/delimiter-default.stderr
            | diff --git a/expected/delimiter-default.stderr b/delimiter-default.stderr
            | index e69de29..48527d7 100644
            | --- a/expected/delimiter-default.stderr
            | +++ b/delimiter-default.stderr
            | @@ -0,0 +1 @@
            | +tig: Not implemented in Rust yet: g
            | [FAIL] unexpected status code: 1 (should be 0)
            | [FAIL] delimiter-literal.screen not found
            | [FAIL] delimiter-literal.stderr != expected/delimiter-literal.stderr
            | diff --git a/expected/delimiter-literal.stderr b/delimiter-literal.stderr
            | index e69de29..48527d7 100644
            | --- a/expected/delimiter-literal.stderr
            | +++ b/delimiter-literal.stderr
            | @@ -0,0 +1 @@
            | +tig: Not implemented in Rust yet: g
            | [FAIL] unexpected status code: 1 (should be 0)
            | [FAIL] delimiter-quoted-literal.screen not found
            | [FAIL] delimiter-quoted-literal.stderr != expected/delimiter-quoted-literal.stderr
            | diff --git a/expected/delimiter-quoted-literal.stderr b/delimiter-quoted-literal.stderr
            | index e69de29..48527d7 100644
            | --- a/expected/delimiter-quoted-literal.stderr
            | +++ b/delimiter-quoted-literal.stderr
            | @@ -0,0 +1 @@
            | +tig: Not implemented in Rust yet: g
            | [FAIL] unexpected status code: 1 (should be 0)
            | [FAIL] delimiter-empty-fallback.screen not found
            | [FAIL] delimiter-empty-fallback.stderr != expected/delimiter-empty-fallback.stderr
            | diff --git a/expected/delimiter-empty-fallback.stderr b/delimiter-empty-fallback.stderr
            | index e69de29..48527d7 100644
            | --- a/expected/delimiter-empty-fallback.stderr
            | +++ b/delimiter-empty-fallback.stderr
            | @@ -0,0 +1 @@
            | +tig: Not implemented in Rust yet: g
            | [FAIL] unexpected status code: 1 (should be 0)
            | [FAIL] delimiter-too-long-fallback.screen not found
            | [FAIL] delimiter-too-long-fallback.stderr != expected/delimiter-too-long-fallback.stderr
            | diff --git a/expected/delimiter-too-long-fallback.stderr b/delimiter-too-long-fallback.stderr
            | index e69de29..48527d7 100644
            | --- a/expected/delimiter-too-long-fallback.stderr
            | +++ b/delimiter-too-long-fallback.stderr
            | @@ -0,0 +1 @@
            | +tig: Not implemented in Rust yet: g
            | [FAIL] unexpected status code: 1 (should be 0)
            | [FAIL] delimiter-special-value.screen not found
            | [FAIL] delimiter-special-value.stderr != expected/delimiter-special-value.stderr
            | diff --git a/expected/delimiter-special-value.stderr b/delimiter-special-value.stderr
            | index e69de29..48527d7 100644
            | --- a/expected/delimiter-special-value.stderr
            | +++ b/delimiter-special-value.stderr
            | @@ -0,0 +1 @@
            | +tig: Not implemented in Rust yet: g
            | [FAIL] unexpected status code: 1 (should be 0)
            | [FAIL] delimiter-utf8-literal.screen not found
            | [FAIL] delimiter-utf8-literal.stderr != expected/delimiter-utf8-literal.stderr
            | diff --git a/expected/delimiter-utf8-literal.stderr b/delimiter-utf8-literal.stderr
            | index e69de29..48527d7 100644
            | --- a/expected/delimiter-utf8-literal.stderr
            | +++ b/delimiter-utf8-literal.stderr
            | @@ -0,0 +1 @@
            | +tig: Not implemented in Rust yet: g
      TEST  test/tigrc/view-column-test
            | Failed 2 out of 2 test(s)
            | [FAIL] main-view.screen != expected/main-view.screen
            | diff --git a/expected/main-view.screen b/main-view.screen
            | index 8262cb6..3eb9bc2 100644
            | --- a/expected/main-view.screen
            | +++ b/main-view.screen
            | @@ -1,15 +1,15 @@
            | -  1| 2010-04-07 MPower       c.ommitter Commit 10 E
            | -   | 2010-03-29 JTBrahe      c.ommitter Commit 10 D
            | -  3| 2010-03-21 作者         c.ommitter Commit 10 C
            | -   | 2010-03-12 RLévesque    c.ommitter Commit 10 B
            | -   | 2010-03-04 AUThor       c.ommitter Commit 10 A
            | -  6| 2010-02-23 MPower       c.ommitter Commit 9 E
            | -   | 2010-02-15 JTBrahe      c.ommitter Commit 9 D
            | -   | 2010-02-06 作者         c.ommitter Commit 9 C
            | -  9| 2010-01-29 RLévesque    c.ommitter Commit 9 B
            | -   | 2010-01-20 AUThor       c.ommitter Commit 9 A
            | -   | 2010-01-12 MPower       c.ommitter Commit 8 E
            | - 12| 2010-01-03 JTBrahe      c.ommitter Commit 8 D
            | -   | 2009-12-26 作者         c.ommitter Commit 8 C
            | -   | 2009-12-17 RLévesque    c.ommitter Commit 8 B
            | -[main] 5cb3412a5e06e506840495b91acc885037a48b72 - commit 1 of 50             28%
            | +2010-04-07T05:37:40Z Max Power          ∙ [HEAD -> master, origin/master, origin
            | +2010-03-29T17:15:30Z Jørgen Thygesen Brahe ∙ Commit 10 D
            | +2010-03-21T04:53:20Z 作者                 ∙ Commit 10 C
            | +2010-03-12T16:31:10Z René Lévesque      ∙ Commit 10 B
            | +2010-03-04T04:09:00Z A. U. Thor         ∙ Commit 10 A
            | +2010-02-23T15:46:50Z Max Power          ∙ Commit 9 E
            | +2010-02-15T03:24:40Z Jørgen Thygesen Brahe ∙ Commit 9 D
            | +2010-02-06T15:02:30Z 作者                 ∙ Commit 9 C
            | +2010-01-29T02:40:20Z René Lévesque      ∙ Commit 9 B
            | +2010-01-20T14:18:10Z A. U. Thor         ∙ Commit 9 A
            | +2010-01-12T01:56:00Z Max Power          ∙ Commit 8 E
            | +2010-01-03T13:33:50Z Jørgen Thygesen Brahe ∙ Commit 8 D
            | +2009-12-26T01:11:40Z 作者                 ∙ Commit 8 C
            | +2009-12-17T12:49:30Z René Lévesque      ∙ [tag: v1.0] Commit 8 B
            | +[main] 1 of 50
            | [FAIL] stderr != expected/stderr
            | diff --git a/expected/stderr b/stderr
            | index fc8d85d..a519bc7 100644
            | --- a/expected/stderr
            | +++ b/stderr
            | @@ -1,5 +1,13 @@
            | -tig warning: ~/.tigrc:20: The main view does not have a id column configured
            | -tig warning: ~/.tigrc:21: The main view does not have a id column configured
            | -tig warning: ~/.tigrc:22: Failed to parse view column type: short
            | -tig warning: ~/.tigrc:23: Failed to parse view column type: short
            | -tig warning: Errors while loading HOME/.tigrc.
            | +tig: HOME/.tigrc:7: Unknown option: main-view-date
            | +tig: HOME/.tigrc:8: Unknown option: main-view-date-format
            | +tig: HOME/.tigrc:9: Unknown option: main-view-line-number
            | +tig: HOME/.tigrc:10: Unknown option: main-view-commit-title
            | +tig: HOME/.tigrc:13: Unknown option: main-view-line-number-interval
            | +tig: HOME/.tigrc:14: Unknown option: main-view-author-display
            | +tig: HOME/.tigrc:15: Unknown option: main-view-committer-display
            | +tig: HOME/.tigrc:16: Unknown option: main-view-author-width
            | +tig: HOME/.tigrc:17: Unknown option: main-view-commit-title-graph
            | +tig: HOME/.tigrc:20: Unknown option: main-view-id
            | +tig: HOME/.tigrc:21: Unknown option: main-view-id-width
            | +tig: HOME/.tigrc:22: Unknown option: main-view-unknown
            | +tig: HOME/.tigrc:23: Unknown option: main-view-unknown-display
      TEST  test/tigrc/width-test
      CASE  test/tigrc/width-test:main-widths-default
      CASE  test/tigrc/width-test:main-widths-1
      CASE  test/tigrc/width-test:main-widths-2
      CASE  test/tigrc/width-test:main-widths-5
      CASE  test/tigrc/width-test:main-widths-20
      CASE  test/tigrc/width-test:main-maxwidths-5
      CASE  test/tigrc/width-test:main-maxwidths-20
      CASE  test/tigrc/width-test:main-maxwidths-10%
      CASE  test/tigrc/width-test:tree-widths-default
      CASE  test/tigrc/width-test:tree-widths-1
      CASE  test/tigrc/width-test:tree-widths-2
      CASE  test/tigrc/width-test:tree-widths-5
      CASE  test/tigrc/width-test:tree-widths-20
      CASE  test/tigrc/width-test:refs-widths-default
      CASE  test/tigrc/width-test:refs-widths-1
      CASE  test/tigrc/width-test:refs-widths-2
      CASE  test/tigrc/width-test:refs-widths-5
      CASE  test/tigrc/width-test:refs-widths-20
      CASE  test/tigrc/width-test:refs-maxwidths-5
      CASE  test/tigrc/width-test:refs-maxwidths-20
      CASE  test/tigrc/width-test:grep-widths-default
      CASE  test/tigrc/width-test:grep-widths-1
      CASE  test/tigrc/width-test:grep-widths-2
      CASE  test/tigrc/width-test:grep-widths-5
      CASE  test/tigrc/width-test:grep-widths-20
      CASE  test/tigrc/width-test:grep-maxwidths-5
      CASE  test/tigrc/width-test:grep-maxwidths-20
            | Failed 81 out of 81 test(s)
            | [stderr] [main-widths-default] tig: Not implemented in Rust yet: set main-view = id:yes line-number:yes,interval=5 date:default,use-author=yes author:full commit-title:yes,graph,refs,overflow=no
            | [stderr] [main-widths-1] tig: Not implemented in Rust yet: set main-view = id:yes,width=1 line-number:yes,interval=5,width=1 date:default,width=1 author:full,width=1 commit-title:yes,graph,refs,overflow=no
            | [stderr] [main-widths-2] tig: Not implemented in Rust yet: set main-view = id:yes,width=2 line-number:yes,interval=5,width=2 date:default,width=2 author:full,width=2 commit-title:yes,graph,refs,overflow=no
            | [stderr] [main-widths-5] tig: Not implemented in Rust yet: set main-view = id:yes,width=5 line-number:yes,interval=5,width=5 date:default,width=5 author:full,width=5 commit-title:yes,graph,refs,overflow=no
            | [stderr] [main-widths-20] tig: Not implemented in Rust yet: set main-view = id:yes,width=20 line-number:yes,interval=5,width=20 date:default,use-author=yes,width=20 author:full,width=20 commit-title:yes,graph,refs,overflow=no
            | [stderr] [main-maxwidths-5] tig: Not implemented in Rust yet: set main-view = id:yes,width=5 line-number:yes,interval=5,width=5 date:default,width=5 author:full,maxwidth=5 commit-title:yes,graph,refs,overflow=no
            | [stderr] [main-maxwidths-20] tig: Not implemented in Rust yet: set main-view = id:yes,width=20 line-number:yes,interval=5,width=20 date:default,use-author=yes,width=20 author:full,maxwidth=20 commit-title:yes,graph,refs,overflow=no
            | [stderr] [main-maxwidths-10%] tig: Not implemented in Rust yet: set main-view = id:yes,width=20 line-number:yes,interval=5,width=20 date:default,use-author=yes,width=20 author:full,maxwidth=10% commit-title:yes,graph,refs,overflow=no
            | [stderr] [tree-widths-default] tig: Not implemented in Rust yet: set tree-view = id:yes line-number:yes,interval=5 mode:yes file-size:yes file-name:yes
            | [stderr] [tree-widths-1] tig: Not implemented in Rust yet: set tree-view = id:yes,width=1 line-number:yes,interval=5,width=1 mode:yes,width=1 file-size:yes,width=1 file-name:yes,width=1
            | [stderr] [tree-widths-2] tig: Not implemented in Rust yet: set tree-view = id:yes,width=2 line-number:yes,interval=5,width=2 mode:yes,width=2 file-size:yes,width=2 file-name:yes,width=2
            | [stderr] [tree-widths-5] tig: Not implemented in Rust yet: set tree-view = id:yes,width=5 line-number:yes,interval=5,width=5 mode:yes,width=5 file-size:yes,width=5 file-name:yes,width=5
            | [stderr] [tree-widths-20] tig: Not implemented in Rust yet: set tree-view = id:yes,width=20 line-number:yes,interval=5,width=20 mode:yes,width=20 file-size:yes,width=20 file-name:yes,width=20
            | [stderr] [refs-widths-default] tig: Not implemented in Rust yet: set refs-view = id:yes ref:yes author:yes commit-title
            | [stderr] [refs-widths-1] tig: Not implemented in Rust yet: set refs-view = id:yes,width=1 ref:yes,width=1 author:yes,width=1 commit-title
            | [stderr] [refs-widths-2] tig: Not implemented in Rust yet: set refs-view = id:yes,width=2 ref:yes,width=2 author:yes,width=2 commit-title
            | [stderr] [refs-widths-5] tig: Not implemented in Rust yet: set refs-view = id:yes,width=5 ref:yes,width=5 author:yes,width=5 commit-title
            | [stderr] [refs-widths-20] tig: Not implemented in Rust yet: set refs-view = id:yes,width=20 ref:yes,width=20 author:yes,width=20 commit-title
            | [stderr] [refs-maxwidths-5] tig: Not implemented in Rust yet: set refs-view = id:yes,width=5 ref:yes,maxwidth=5 author:yes,maxwidth=5 commit-title
            | [stderr] [refs-maxwidths-20] tig: Not implemented in Rust yet: set refs-view = id:yes,width=20 ref:yes,maxwidth=20 author:yes,maxwidth=20 commit-title
            | [stderr] [grep-widths-default] tig: Not implemented in Rust yet: set grep-view = file-name:yes,width=20 line-number:yes,interval=1 text
            | [stderr] [grep-widths-1] tig: Not implemented in Rust yet: set grep-view = file-name:yes,width=1 line-number:yes,interval=1,width=1 text
            | [stderr] [grep-widths-2] tig: Not implemented in Rust yet: set grep-view = file-name:yes,width=2 line-number:yes,interval=1,width=2 text
            | [stderr] [grep-widths-5] tig: Not implemented in Rust yet: set grep-view = file-name:yes,width=5 line-number:yes,interval=1,width=5 text
            | [stderr] [grep-widths-20] tig: Not implemented in Rust yet: set grep-view = file-name:yes,width=20 line-number:yes,interval=1,width=20 text
            | [stderr] [grep-maxwidths-5] tig: Not implemented in Rust yet: set grep-view = file-name:yes,maxwidth=5 line-number:yes,interval=1,width=5 text
            | [stderr] [grep-maxwidths-20] tig: Not implemented in Rust yet: set grep-view = file-name:yes,maxwidth=20 line-number:yes,interval=1,width=20 text
            | [FAIL] unexpected status code: 1 (should be 0)
            | [FAIL] main-widths-default.screen not found
            | [FAIL] main-widths-default.stderr != expected/main-widths-default.stderr
            | diff --git a/expected/main-widths-default.stderr b/main-widths-default.stderr
            | index e69de29..0a022b2 100644
            | --- a/expected/main-widths-default.stderr
            | +++ b/main-widths-default.stderr
            | @@ -0,0 +1 @@
            | +tig: Not implemented in Rust yet: set main-view = id:yes line-number:yes,interval=5 date:default,use-author=yes author:full commit-title:yes,graph,refs,overflow=no
            | [FAIL] unexpected status code: 1 (should be 0)
            | [FAIL] main-widths-1.screen not found
            | [FAIL] main-widths-1.stderr != expected/main-widths-1.stderr
            | diff --git a/expected/main-widths-1.stderr b/main-widths-1.stderr
            | index e69de29..036b538 100644
            | --- a/expected/main-widths-1.stderr
            | +++ b/main-widths-1.stderr
            | @@ -0,0 +1 @@
            | +tig: Not implemented in Rust yet: set main-view = id:yes,width=1 line-number:yes,interval=5,width=1 date:default,width=1 author:full,width=1 commit-title:yes,graph,refs,overflow=no
            | [FAIL] unexpected status code: 1 (should be 0)
            | [FAIL] main-widths-2.screen not found
            | [FAIL] main-widths-2.stderr != expected/main-widths-2.stderr
            | diff --git a/expected/main-widths-2.stderr b/main-widths-2.stderr
            | index e69de29..f25715a 100644
            | --- a/expected/main-widths-2.stderr
            | +++ b/main-widths-2.stderr
            | @@ -0,0 +1 @@
            | +tig: Not implemented in Rust yet: set main-view = id:yes,width=2 line-number:yes,interval=5,width=2 date:default,width=2 author:full,width=2 commit-title:yes,graph,refs,overflow=no
            | [FAIL] unexpected status code: 1 (should be 0)
            | [FAIL] main-widths-5.screen not found
            | [FAIL] main-widths-5.stderr != expected/main-widths-5.stderr
            | diff --git a/expected/main-widths-5.stderr b/main-widths-5.stderr
            | index e69de29..abc69b5 100644
            | --- a/expected/main-widths-5.stderr
            | +++ b/main-widths-5.stderr
            | @@ -0,0 +1 @@
            | +tig: Not implemented in Rust yet: set main-view = id:yes,width=5 line-number:yes,interval=5,width=5 date:default,width=5 author:full,width=5 commit-title:yes,graph,refs,overflow=no
            | [FAIL] unexpected status code: 1 (should be 0)
            | [FAIL] main-widths-20.screen not found
            | [FAIL] main-widths-20.stderr != expected/main-widths-20.stderr
            | diff --git a/expected/main-widths-20.stderr b/main-widths-20.stderr
            | index e69de29..5f40928 100644
            | --- a/expected/main-widths-20.stderr
            | +++ b/main-widths-20.stderr
            | @@ -0,0 +1 @@
            | +tig: Not implemented in Rust yet: set main-view = id:yes,width=20 line-number:yes,interval=5,width=20 date:default,use-author=yes,width=20 author:full,width=20 commit-title:yes,graph,refs,overflow=no
            | [FAIL] unexpected status code: 1 (should be 0)
            | [FAIL] main-maxwidths-5.screen not found
            | [FAIL] main-maxwidths-5.stderr != expected/main-maxwidths-5.stderr
            | diff --git a/expected/main-maxwidths-5.stderr b/main-maxwidths-5.stderr
            | index e69de29..fe54f36 100644
            | --- a/expected/main-maxwidths-5.stderr
            | +++ b/main-maxwidths-5.stderr
            | @@ -0,0 +1 @@
            | +tig: Not implemented in Rust yet: set main-view = id:yes,width=5 line-number:yes,interval=5,width=5 date:default,width=5 author:full,maxwidth=5 commit-title:yes,graph,refs,overflow=no
            | [FAIL] unexpected status code: 1 (should be 0)
            | [FAIL] main-maxwidths-20.screen not found
            | [FAIL] main-maxwidths-20.stderr != expected/main-maxwidths-20.stderr
            | diff --git a/expected/main-maxwidths-20.stderr b/main-maxwidths-20.stderr
            | index e69de29..20e3b3c 100644
            | --- a/expected/main-maxwidths-20.stderr
            | +++ b/main-maxwidths-20.stderr
            | @@ -0,0 +1 @@
            | +tig: Not implemented in Rust yet: set main-view = id:yes,width=20 line-number:yes,interval=5,width=20 date:default,use-author=yes,width=20 author:full,maxwidth=20 commit-title:yes,graph,refs,overflow=no
            | [FAIL] unexpected status code: 1 (should be 0)
            | [FAIL] main-maxwidths-10%.screen not found
            | [FAIL] main-maxwidths-10%.stderr != expected/main-maxwidths-10%.stderr
            | diff --git a/expected/main-maxwidths-10%.stderr b/main-maxwidths-10%.stderr
            | index e69de29..9f0282e 100644
            | --- a/expected/main-maxwidths-10%.stderr
            | +++ b/main-maxwidths-10%.stderr
            | @@ -0,0 +1 @@
            | +tig: Not implemented in Rust yet: set main-view = id:yes,width=20 line-number:yes,interval=5,width=20 date:default,use-author=yes,width=20 author:full,maxwidth=10% commit-title:yes,graph,refs,overflow=no
            | [FAIL] unexpected status code: 1 (should be 0)
            | [FAIL] tree-widths-default.screen not found
            | [FAIL] tree-widths-default.stderr != expected/tree-widths-default.stderr
            | diff --git a/expected/tree-widths-default.stderr b/tree-widths-default.stderr
            | index e69de29..07155ea 100644
            | --- a/expected/tree-widths-default.stderr
            | +++ b/tree-widths-default.stderr
            | @@ -0,0 +1 @@
            | +tig: Not implemented in Rust yet: set tree-view = id:yes line-number:yes,interval=5 mode:yes file-size:yes file-name:yes
            | [FAIL] unexpected status code: 1 (should be 0)
            | [FAIL] tree-widths-1.screen not found
            | [FAIL] tree-widths-1.stderr != expected/tree-widths-1.stderr
            | diff --git a/expected/tree-widths-1.stderr b/tree-widths-1.stderr
            | index e69de29..02cbd22 100644
            | --- a/expected/tree-widths-1.stderr
            | +++ b/tree-widths-1.stderr
            | @@ -0,0 +1 @@
            | +tig: Not implemented in Rust yet: set tree-view = id:yes,width=1 line-number:yes,interval=5,width=1 mode:yes,width=1 file-size:yes,width=1 file-name:yes,width=1
            | [FAIL] unexpected status code: 1 (should be 0)
            | [FAIL] tree-widths-2.screen not found
            | [FAIL] tree-widths-2.stderr != expected/tree-widths-2.stderr
            | diff --git a/expected/tree-widths-2.stderr b/tree-widths-2.stderr
            | index e69de29..23ab66d 100644
            | --- a/expected/tree-widths-2.stderr
            | +++ b/tree-widths-2.stderr
            | @@ -0,0 +1 @@
            | +tig: Not implemented in Rust yet: set tree-view = id:yes,width=2 line-number:yes,interval=5,width=2 mode:yes,width=2 file-size:yes,width=2 file-name:yes,width=2
            | [FAIL] unexpected status code: 1 (should be 0)
            | [FAIL] tree-widths-5.screen not found
            | [FAIL] tree-widths-5.stderr != expected/tree-widths-5.stderr
            | diff --git a/expected/tree-widths-5.stderr b/tree-widths-5.stderr
            | index e69de29..f6109ac 100644
            | --- a/expected/tree-widths-5.stderr
            | +++ b/tree-widths-5.stderr
            | @@ -0,0 +1 @@
            | +tig: Not implemented in Rust yet: set tree-view = id:yes,width=5 line-number:yes,interval=5,width=5 mode:yes,width=5 file-size:yes,width=5 file-name:yes,width=5
            | [FAIL] unexpected status code: 1 (should be 0)
            | [FAIL] tree-widths-20.screen not found
            | [FAIL] tree-widths-20.stderr != expected/tree-widths-20.stderr
            | diff --git a/expected/tree-widths-20.stderr b/tree-widths-20.stderr
            | index e69de29..e05a59c 100644
            | --- a/expected/tree-widths-20.stderr
            | +++ b/tree-widths-20.stderr
            | @@ -0,0 +1 @@
            | +tig: Not implemented in Rust yet: set tree-view = id:yes,width=20 line-number:yes,interval=5,width=20 mode:yes,width=20 file-size:yes,width=20 file-name:yes,width=20
            | [FAIL] unexpected status code: 1 (should be 0)
            | [FAIL] refs-widths-default.screen not found
            | [FAIL] refs-widths-default.stderr != expected/refs-widths-default.stderr
            | diff --git a/expected/refs-widths-default.stderr b/refs-widths-default.stderr
            | index e69de29..307c213 100644
            | --- a/expected/refs-widths-default.stderr
            | +++ b/refs-widths-default.stderr
            | @@ -0,0 +1 @@
            | +tig: Not implemented in Rust yet: set refs-view = id:yes ref:yes author:yes commit-title
            | [FAIL] unexpected status code: 1 (should be 0)
            | [FAIL] refs-widths-1.screen not found
            | [FAIL] refs-widths-1.stderr != expected/refs-widths-1.stderr
            | diff --git a/expected/refs-widths-1.stderr b/refs-widths-1.stderr
            | index e69de29..6db7190 100644
            | --- a/expected/refs-widths-1.stderr
            | +++ b/refs-widths-1.stderr
            | @@ -0,0 +1 @@
            | +tig: Not implemented in Rust yet: set refs-view = id:yes,width=1 ref:yes,width=1 author:yes,width=1 commit-title
            | [FAIL] unexpected status code: 1 (should be 0)
            | [FAIL] refs-widths-2.screen not found
            | [FAIL] refs-widths-2.stderr != expected/refs-widths-2.stderr
            | diff --git a/expected/refs-widths-2.stderr b/refs-widths-2.stderr
            | index e69de29..447b5af 100644
            | --- a/expected/refs-widths-2.stderr
            | +++ b/refs-widths-2.stderr
            | @@ -0,0 +1 @@
            | +tig: Not implemented in Rust yet: set refs-view = id:yes,width=2 ref:yes,width=2 author:yes,width=2 commit-title
            | [FAIL] unexpected status code: 1 (should be 0)
            | [FAIL] refs-widths-5.screen not found
            | [FAIL] refs-widths-5.stderr != expected/refs-widths-5.stderr
            | diff --git a/expected/refs-widths-5.stderr b/refs-widths-5.stderr
            | index e69de29..56a5290 100644
            | --- a/expected/refs-widths-5.stderr
            | +++ b/refs-widths-5.stderr
            | @@ -0,0 +1 @@
            | +tig: Not implemented in Rust yet: set refs-view = id:yes,width=5 ref:yes,width=5 author:yes,width=5 commit-title
            | [FAIL] unexpected status code: 1 (should be 0)
            | [FAIL] refs-widths-20.screen not found
            | [FAIL] refs-widths-20.stderr != expected/refs-widths-20.stderr
            | diff --git a/expected/refs-widths-20.stderr b/refs-widths-20.stderr
            | index e69de29..8d02030 100644
            | --- a/expected/refs-widths-20.stderr
            | +++ b/refs-widths-20.stderr
            | @@ -0,0 +1 @@
            | +tig: Not implemented in Rust yet: set refs-view = id:yes,width=20 ref:yes,width=20 author:yes,width=20 commit-title
            | [FAIL] unexpected status code: 1 (should be 0)
            | [FAIL] refs-maxwidths-5.screen not found
            | [FAIL] refs-maxwidths-5.stderr != expected/refs-maxwidths-5.stderr
            | diff --git a/expected/refs-maxwidths-5.stderr b/refs-maxwidths-5.stderr
            | index e69de29..6bab758 100644
            | --- a/expected/refs-maxwidths-5.stderr
            | +++ b/refs-maxwidths-5.stderr
            | @@ -0,0 +1 @@
            | +tig: Not implemented in Rust yet: set refs-view = id:yes,width=5 ref:yes,maxwidth=5 author:yes,maxwidth=5 commit-title
            | [FAIL] unexpected status code: 1 (should be 0)
            | [FAIL] refs-maxwidths-20.screen not found
            | [FAIL] refs-maxwidths-20.stderr != expected/refs-maxwidths-20.stderr
            | diff --git a/expected/refs-maxwidths-20.stderr b/refs-maxwidths-20.stderr
            | index e69de29..9500a88 100644
            | --- a/expected/refs-maxwidths-20.stderr
            | +++ b/refs-maxwidths-20.stderr
            | @@ -0,0 +1 @@
            | +tig: Not implemented in Rust yet: set refs-view = id:yes,width=20 ref:yes,maxwidth=20 author:yes,maxwidth=20 commit-title
            | [FAIL] unexpected status code: 1 (should be 0)
            | [FAIL] grep-widths-default.screen not found
            | [FAIL] grep-widths-default.stderr != expected/grep-widths-default.stderr
            | diff --git a/expected/grep-widths-default.stderr b/grep-widths-default.stderr
            | index e69de29..8d6d7a6 100644
            | --- a/expected/grep-widths-default.stderr
            | +++ b/grep-widths-default.stderr
            | @@ -0,0 +1 @@
            | +tig: Not implemented in Rust yet: set grep-view = file-name:yes,width=20 line-number:yes,interval=1 text
            | [FAIL] unexpected status code: 1 (should be 0)
            | [FAIL] grep-widths-1.screen not found
            | [FAIL] grep-widths-1.stderr != expected/grep-widths-1.stderr
            | diff --git a/expected/grep-widths-1.stderr b/grep-widths-1.stderr
            | index e69de29..4270508 100644
            | --- a/expected/grep-widths-1.stderr
            | +++ b/grep-widths-1.stderr
            | @@ -0,0 +1 @@
            | +tig: Not implemented in Rust yet: set grep-view = file-name:yes,width=1 line-number:yes,interval=1,width=1 text
            | [FAIL] unexpected status code: 1 (should be 0)
            | [FAIL] grep-widths-2.screen not found
            | [FAIL] grep-widths-2.stderr != expected/grep-widths-2.stderr
            | diff --git a/expected/grep-widths-2.stderr b/grep-widths-2.stderr
            | index e69de29..3ca3bc5 100644
            | --- a/expected/grep-widths-2.stderr
            | +++ b/grep-widths-2.stderr
            | @@ -0,0 +1 @@
            | +tig: Not implemented in Rust yet: set grep-view = file-name:yes,width=2 line-number:yes,interval=1,width=2 text
            | [FAIL] unexpected status code: 1 (should be 0)
            | [FAIL] grep-widths-5.screen not found
            | [FAIL] grep-widths-5.stderr != expected/grep-widths-5.stderr
            | diff --git a/expected/grep-widths-5.stderr b/grep-widths-5.stderr
            | index e69de29..4ca4cf7 100644
            | --- a/expected/grep-widths-5.stderr
            | +++ b/grep-widths-5.stderr
            | @@ -0,0 +1 @@
            | +tig: Not implemented in Rust yet: set grep-view = file-name:yes,width=5 line-number:yes,interval=1,width=5 text
            | [FAIL] unexpected status code: 1 (should be 0)
            | [FAIL] grep-widths-20.screen not found
            | [FAIL] grep-widths-20.stderr != expected/grep-widths-20.stderr
            | diff --git a/expected/grep-widths-20.stderr b/grep-widths-20.stderr
            | index e69de29..f9e520c 100644
            | --- a/expected/grep-widths-20.stderr
            | +++ b/grep-widths-20.stderr
            | @@ -0,0 +1 @@
            | +tig: Not implemented in Rust yet: set grep-view = file-name:yes,width=20 line-number:yes,interval=1,width=20 text
            | [FAIL] unexpected status code: 1 (should be 0)
            | [FAIL] grep-maxwidths-5.screen not found
            | [FAIL] grep-maxwidths-5.stderr != expected/grep-maxwidths-5.stderr
            | diff --git a/expected/grep-maxwidths-5.stderr b/grep-maxwidths-5.stderr
            | index e69de29..ea71046 100644
            | --- a/expected/grep-maxwidths-5.stderr
            | +++ b/grep-maxwidths-5.stderr
            | @@ -0,0 +1 @@
            | +tig: Not implemented in Rust yet: set grep-view = file-name:yes,maxwidth=5 line-number:yes,interval=1,width=5 text
            | [FAIL] unexpected status code: 1 (should be 0)
            | [FAIL] grep-maxwidths-20.screen not found
            | [FAIL] grep-maxwidths-20.stderr != expected/grep-maxwidths-20.stderr
            | diff --git a/expected/grep-maxwidths-20.stderr b/grep-maxwidths-20.stderr
            | index e69de29..fa7af0b 100644
            | --- a/expected/grep-maxwidths-20.stderr
            | +++ b/grep-maxwidths-20.stderr
            | @@ -0,0 +1 @@
            | +tig: Not implemented in Rust yet: set grep-view = file-name:yes,maxwidth=20 line-number:yes,interval=1,width=20 text
      TEST  test/tigrc/xdg-config-home-test
            | Failed 12 out of 12 test(s)
            | [stderr] [case-.tigrc] tig: Not implemented in Rust yet: @sh -c echo case-.tigrc >> HOME/case-.tigrc.out
            | [stderr] [case-.config-tig-config] tig: Not implemented in Rust yet: @sh -c echo case-.config-tig-config >> HOME/case-.config-tig-config.out
            | [stderr] [case-.config-tig-config] tig: Not implemented in Rust yet: @sh -c echo case-.tigrc >> HOME/case-.tigrc.out
            | [stderr] [case-etc-tig-config] tig: Not implemented in Rust yet: @sh -c echo case-etc-tig-config >> HOME/case-etc-tig-config.out
            | [FAIL] unexpected status code: 1 (should be 0)
            | [FAIL] case-.tigrc.out not found
            | [FAIL] case-.tigrc.stderr != expected/case-.tigrc.stderr
            | diff --git a/expected/case-.tigrc.stderr b/case-.tigrc.stderr
            | index e69de29..0b1bf7f 100644
            | --- a/expected/case-.tigrc.stderr
            | +++ b/case-.tigrc.stderr
            | @@ -0,0 +1 @@
            | +tig: Not implemented in Rust yet: @sh -c echo case-.tigrc >> HOME/case-.tigrc.out
            | [FAIL] unexpected status code: 1 (should be 0)
            | [FAIL] case-.config-tig-config.out not found
            | [FAIL] case-.config-tig-config.stderr != expected/case-.config-tig-config.stderr
            | diff --git a/expected/case-.config-tig-config.stderr b/case-.config-tig-config.stderr
            | index e69de29..5da5680 100644
            | --- a/expected/case-.config-tig-config.stderr
            | +++ b/case-.config-tig-config.stderr
            | @@ -0,0 +1 @@
            | +tig: Not implemented in Rust yet: @sh -c echo case-.config-tig-config >> HOME/case-.config-tig-config.out
            | [FAIL] unexpected status code: 1 (should be 0)
            | [FAIL] case-.config-tig-config.out not found
            | [FAIL] case-.config-tig-config.stderr != expected/case-.config-tig-config.stderr
            | diff --git a/expected/case-.config-tig-config.stderr b/case-.config-tig-config.stderr
            | index e69de29..0b1bf7f 100644
            | --- a/expected/case-.config-tig-config.stderr
            | +++ b/case-.config-tig-config.stderr
            | @@ -0,0 +1 @@
            | +tig: Not implemented in Rust yet: @sh -c echo case-.tigrc >> HOME/case-.tigrc.out
            | [FAIL] unexpected status code: 1 (should be 0)
            | [FAIL] case-etc-tig-config.out not found
            | [FAIL] case-etc-tig-config.stderr != expected/case-etc-tig-config.stderr
            | diff --git a/expected/case-etc-tig-config.stderr b/case-etc-tig-config.stderr
            | index e69de29..3cf8960 100644
            | --- a/expected/case-etc-tig-config.stderr
            | +++ b/case-etc-tig-config.stderr
            | @@ -0,0 +1 @@
            | +tig: Not implemented in Rust yet: @sh -c echo case-etc-tig-config >> HOME/case-etc-tig-config.out
      TEST  test/tree/chdir-test
            | Failed 9 out of 9 test(s)
            | [stderr] tig: HOME/.tigrc:1: Invalid value for vertical-split: no
            | [stderr] tig: Not implemented in Rust yet: 2
            | [FAIL] unexpected status code: 1 (should be 0)
            | [FAIL] tree-top.screen != expected/tree-top.screen
            | diff --git a/expected/tree-top.screen b/tree-top.screen
            | index eccf13a..daae015 100644
            | --- a/expected/tree-top.screen
            | +++ b/tree-top.screen
            | @@ -1,15 +1,15 @@
            | -Directory path /
            | -drwxr-xr-x Jonas Fonseca       2014-03-01 17:26 -0500 common
            | -drwxr-xr-x Jonas Fonseca       2014-03-01 17:26 -0500 deltablue
            | -drwxr-xr-x Jonas Fonseca       2014-03-01 17:26 -0500 project
            | -drwxr-xr-x Jonas Fonseca       2014-03-01 17:26 -0500 richards
            | -drwxr-xr-x Jonas Fonseca       2014-03-01 17:26 -0500 sudoku
            | -drwxr-xr-x Jonas Fonseca       2014-03-01 17:26 -0500 tracer
            | --rw-r--r-- Jonas Fonseca    53 2013-10-14 16:19 -0400 .gitignore
            | --rw-r--r-- Jonas Fonseca  1499 2013-10-26 12:54 -0400 LICENSE
            | --rw-r--r-- Philipp Haller 2609 2014-01-16 15:32 +0100 README.md
            | --rwxr-xr-x Jonas Fonseca   493 2014-03-01 17:26 -0500 run.sh
            | +040000 tree common
            | +040000 tree deltablue
            | +040000 tree project
            | +040000 tree richards
            | +040000 tree sudoku
            | +040000 tree tracer
            | +100644 blob .gitignore
            | +100644 blob LICENSE
            | +100644 blob README.md
            | +100755 blob run.sh
            |  
            |  
            |  
            | -[tree] 1a4ced7066ada2b26dcb0044f763a8438cd375df - file 1 of 10              100%
            | +
            | +[tree] 1 of 10
            | [FAIL] tree-cd-depth-one.screen not found
            | [FAIL] tree-cd-depth-two.screen not found
            | [FAIL] tree-cd-depth-three.screen not found
            | [FAIL] tree-cd-depth-seven.screen not found
            | [FAIL] tree-cdup-depth-six.screen not found
            | [FAIL] tree-cdup-depth-five.screen not found
            | [FAIL] tree-cdup-depth-four.screen not found
      TEST  test/tree/default-test
            | Failed 8 out of 8 test(s)
            | [stderr] tig: HOME/.tigrc:1: Invalid value for vertical-split: no
            | [stderr] tig: HOME/.tigrc:2: Unknown option: tree-view-date-use-author
            | [stderr] tig: Not implemented in Rust yet: toggle sort-field
            | [FAIL] unexpected status code: 1 (should be 0)
            | [FAIL] tree-default.screen != expected/tree-default.screen
            | diff --git a/expected/tree-default.screen b/tree-default.screen
            | index eccf13a..daae015 100644
            | --- a/expected/tree-default.screen
            | +++ b/tree-default.screen
            | @@ -1,15 +1,15 @@
            | -Directory path /
            | -drwxr-xr-x Jonas Fonseca       2014-03-01 17:26 -0500 common
            | -drwxr-xr-x Jonas Fonseca       2014-03-01 17:26 -0500 deltablue
            | -drwxr-xr-x Jonas Fonseca       2014-03-01 17:26 -0500 project
            | -drwxr-xr-x Jonas Fonseca       2014-03-01 17:26 -0500 richards
            | -drwxr-xr-x Jonas Fonseca       2014-03-01 17:26 -0500 sudoku
            | -drwxr-xr-x Jonas Fonseca       2014-03-01 17:26 -0500 tracer
            | --rw-r--r-- Jonas Fonseca    53 2013-10-14 16:19 -0400 .gitignore
            | --rw-r--r-- Jonas Fonseca  1499 2013-10-26 12:54 -0400 LICENSE
            | --rw-r--r-- Philipp Haller 2609 2014-01-16 15:32 +0100 README.md
            | --rwxr-xr-x Jonas Fonseca   493 2014-03-01 17:26 -0500 run.sh
            | +040000 tree common
            | +040000 tree deltablue
            | +040000 tree project
            | +040000 tree richards
            | +040000 tree sudoku
            | +040000 tree tracer
            | +100644 blob .gitignore
            | +100644 blob LICENSE
            | +100644 blob README.md
            | +100755 blob run.sh
            |  
            |  
            |  
            | -[tree] 1a4ced7066ada2b26dcb0044f763a8438cd375df - file 1 of 10              100%
            | +
            | +[tree] 1 of 10
            | [FAIL] tree-default-author.screen not found
            | [FAIL] tree-default-date.screen not found
            | [FAIL] tree-default-file-size.screen not found
            | [FAIL] tree-default-mode.screen not found
            | [FAIL] tree-common.screen not found
            | [FAIL] tree-d8-stubs.screen not found
      TEST  test/tree/file-name-test
            | Failed 5 out of 5 test(s)
            | [stderr] tig: Not implemented in Rust yet: set vertical-split = no
            | [FAIL] unexpected status code: 1 (should be 0)
            | [FAIL] root-dir.screen not found
            | [FAIL] first-child-dir.screen not found
            | [FAIL] second-child-dir.screen not found
            | [FAIL] second-child-dir-first-file.screen not found
      TEST  test/tree/recurse-test
            | Failed 1 out of 1 test(s)
            | [stderr] tig: HOME/.tigrc:1: Invalid value for vertical-split: no
            | [FAIL] tree-recurse.screen != expected/tree-recurse.screen
            | diff --git a/expected/tree-recurse.screen b/tree-recurse.screen
            | index 4036c42..75e497e 100644
            | --- a/expected/tree-recurse.screen
            | +++ b/tree-recurse.screen
            | @@ -1,40 +1,40 @@
            | -Directory path /
            | --rw-r--r-- Jonas Fonseca     53 2013-10-14 16:19 -0400 .gitignore
            | --rw-r--r-- Jonas Fonseca   1499 2013-10-26 12:54 -0400 LICENSE
            | --rw-r--r-- Philipp Haller  2609 2014-01-16 15:32 +0100 README.md
            | --rwxr-xr-x Jonas Fonseca   2875 2014-03-01 17:26 -0500 common/benchmark-runner.sh
            | --rw-r--r-- Jonas Fonseca      0 2013-10-14 14:56 -0400 common/build.sbt
            | --rw-r--r-- Jonas Fonseca    702 2013-10-26 12:54 -0400 common/d8-stubs.js
            | --rw-r--r-- Jonas Fonseca    836 2013-10-27 23:05 -0400 common/reference/bench.js
            | --rw-r--r-- Jonas Fonseca  25799 2014-01-16 17:39 -0500 common/reference/deltablue.js
            | --rw-r--r-- Jonas Fonseca  15926 2014-01-16 17:39 -0500 common/reference/richards.js
            | --rw-r--r-- Jonas Fonseca  28143 2014-01-16 17:39 -0500 common/reference/tracer.js
            | --rw-r--r-- Jonas Fonseca   3121 2014-03-01 17:26 -0500 common/src/main/scala/org/scalajs/benchmark/Benchmark.scala
            | --rw-r--r-- Jonas Fonseca   1380 2014-03-01 17:26 -0500 common/src/main/scala/org/scalajs/benchmark/BenchmarkApp.scala
            | --rw-r--r-- Jonas Fonseca   1500 2014-01-16 22:51 -0500 common/src/main/scala/org/scalajs/benchmark/dom/DOMTypes.scala
            | --rw-r--r-- Jonas Fonseca    811 2014-03-01 17:26 -0500 common/start-benchmark.js
            | --rwxr-xr-x Jonas Fonseca    355 2013-10-26 12:54 -0400 deltablue/run.sh
            | --rw-r--r-- Jonas Fonseca  22563 2014-03-01 17:26 -0500 deltablue/src/main/scala/org/scalajs/benchmark/deltablue/DeltaBlue.scala
            | --rw-r--r-- Jonas Fonseca   1686 2014-03-01 17:26 -0500 project/Build.scala
            | --rw-r--r-- Jonas Fonseca     19 2013-10-14 14:56 -0400 project/build.properties
            | --rw-r--r-- Jonas Fonseca    216 2014-03-01 17:26 -0500 project/build.sbt
            | --rw-r--r-- Jonas Fonseca      0 2013-10-17 20:34 -0400 richards/build.sbt
            | --rwxr-xr-x Jonas Fonseca    355 2013-10-26 12:54 -0400 richards/run.sh
            | --rw-r--r-- Jonas Fonseca  13931 2014-03-01 17:26 -0500 richards/src/main/scala/org/scalajs/benchmark/richards/Richards.scala
            | --rwxr-xr-x Jonas Fonseca    493 2014-03-01 17:26 -0500 run.sh
            | --rwxr-xr-x Jonas Fonseca    355 2013-11-11 01:11 -0500 sudoku/run.sh
            | --rw-r--r-- Jonas Fonseca   6958 2014-03-01 17:26 -0500 sudoku/src/main/scala/org/scalajs/benchmark/sudoku/Sudoku.scala
            | --rw-r--r-- Jonas Fonseca      0 2013-10-14 14:56 -0400 tracer/build.sbt
            | --rw-r--r-- Jonas Fonseca   1290 2014-03-01 17:26 -0500 tracer/index-dev.html
            | --rw-r--r-- Jonas Fonseca   1116 2014-03-01 17:26 -0500 tracer/index.html
            | --rwxr-xr-x Jonas Fonseca    355 2013-10-26 12:54 -0400 tracer/run.sh
            | --rw-r--r-- Jonas Fonseca   1427 2014-01-16 22:51 -0500 tracer/src/main/scala/org/scalajs/benchmark/tracer/App.scala
            | --rw-r--r-- Jonas Fonseca   1964 2014-01-16 22:51 -0500 tracer/src/main/scala/org/scalajs/benchmark/tracer/Color.scala
            | --rw-r--r-- Jonas Fonseca   5726 2014-01-16 22:51 -0500 tracer/src/main/scala/org/scalajs/benchmark/tracer/Engine.scala
            | --rw-r--r-- Jonas Fonseca   2000 2014-01-16 22:51 -0500 tracer/src/main/scala/org/scalajs/benchmark/tracer/Material.scala
            | --rw-r--r-- Jonas Fonseca   2142 2014-01-16 22:51 -0500 tracer/src/main/scala/org/scalajs/benchmark/tracer/RenderScene.scala
            | --rw-r--r-- Jonas Fonseca   1898 2014-01-16 22:51 -0500 tracer/src/main/scala/org/scalajs/benchmark/tracer/Scene.scala
            | --rw-r--r-- Jonas Fonseca   3060 2014-01-16 22:51 -0500 tracer/src/main/scala/org/scalajs/benchmark/tracer/Shapes.scala
            | --rw-r--r-- Jonas Fonseca   1329 2014-03-01 17:26 -0500 tracer/src/main/scala/org/scalajs/benchmark/tracer/Tracer.scala
            | --rw-r--r-- Jonas Fonseca   1751 2014-01-16 22:51 -0500 tracer/src/main/scala/org/scalajs/benchmark/tracer/Vector.scala
            | -[tree] be06d7d413c0b3f2d2f6f18061c8bfb65c510b64 - file 1 of 38                                                                100%
            | +040000 tree common
            | +040000 tree deltablue
            | +040000 tree project
            | +040000 tree richards
            | +040000 tree sudoku
            | +040000 tree tracer
            | +100644 blob .gitignore
            | +100644 blob LICENSE
            | +100644 blob README.md
            | +100755 blob run.sh
            | +
            | +
            | +
            | +
            | +
            | +
            | +
            | +
            | +
            | +
            | +
            | +
            | +
            | +
            | +
            | +
            | +
            | +
            | +
            | +
            | +
            | +
            | +
            | +
            | +
            | +
            | +
            | +
            | +
            | +[tree] 1 of 10
      TEST  test/tree/submodule-editor-test
<workspace>/work/tig-build/test/tools/libtest.sh: line 403: vars: No such file or directory
            | Failed 2 out of 2 test(s)
            | [stderr] tig: HOME/.tigrc:2: Unknown option: diff-view-line-number
            | [stderr] tig: Not implemented in Rust yet: exec !assert-var [%(repo:worktree)] == [../../../bench]
            | [FAIL] unexpected status code: 1 (should be 0)
            | [FAIL] vars_assert_count != expected/vars_assert_count
            | diff --git a/expected/vars_assert_count b/vars_assert_count
            | index e69de29..d00491f 100644
            | --- a/expected/vars_assert_count
            | +++ b/vars_assert_count
            | @@ -0,0 +1 @@
            | +1
make: *** [test/tree/submodule-editor-test] Error 1
      TEST  test/tree/worktree-editor-test
<workspace>/work/tig-build/test/tools/libtest.sh: line 403: vars: No such file or directory
            | Failed 2 out of 2 test(s)
            | [stderr] tig: HOME/.tigrc:2: Unknown option: diff-view-line-number
            | [stderr] tig: Not implemented in Rust yet: exec !assert-var [%(repo:worktree)] == []
            | [FAIL] unexpected status code: 1 (should be 0)
            | [FAIL] vars_assert_count != expected/vars_assert_count
            | diff --git a/expected/vars_assert_count b/vars_assert_count
            | index e69de29..d00491f 100644
            | --- a/expected/vars_assert_count
            | +++ b/vars_assert_count
            | @@ -0,0 +1 @@
            | +1
make: *** [test/tree/worktree-editor-test] Error 1
make: Target `test' not remade because of errors.
Failed 615 of 671 assertions in 150 tests (3 skipped)
